subject,predicate,object,context
http://www.wikidata.org/entity/Q4545300,http://www.wikidata.org/prop/direct/P144,http://www.wikidata.org/entity/Q2005795,
http://www.wikidata.org/entity/Q4545359,http://www.wikidata.org/prop/direct/P144,http://www.wikidata.org/entity/Q158819,
http://www.wikidata.org/entity/Q4545360,http://www.wikidata.org/prop/direct/P144,http://www.wikidata.org/entity/Q158792,
http://www.wikidata.org/entity/Q4545383,http://www.wikidata.org/prop/direct/P144,http://www.wikidata.org/entity/Q158806,
http://www.wikidata.org/entity/Q4545399,http://www.wikidata.org/prop/direct/P144,http://www.wikidata.org/entity/Q158739,
http://www.wikidata.org/entity/Q4545334,http://www.wikidata.org/prop/direct/P144,http://www.wikidata.org/entity/Q171628,
http://www.wikidata.org/entity/Q4545398,http://www.wikidata.org/prop/direct/P144,http://www.wikidata.org/entity/Q171628,
http://www.wikidata.org/entity/Q4545400,http://www.wikidata.org/prop/direct/P144,http://www.wikidata.org/entity/Q171628,
http://www.wikidata.org/entity/Q4549587,http://www.wikidata.org/prop/direct/P144,http://www.wikidata.org/entity/Q171628,
http://www.wikidata.org/entity/Q4641586,http://www.wikidata.org/prop/direct/P144,http://www.wikidata.org/entity/Q158721,
http://www.wikidata.org/entity/Q4639690,http://www.wikidata.org/prop/direct/P144,http://www.wikidata.org/entity/Q245482,
http://www.wikidata.org/entity/Q4642860,http://www.wikidata.org/prop/direct/P144,http://www.wikidata.org/entity/Q158718,
http://www.wikidata.org/entity/Q4642912,http://www.wikidata.org/prop/direct/P144,http://www.wikidata.org/entity/Q158739,
http://www.wikidata.org/entity/Q4645273,http://www.wikidata.org/prop/direct/P144,http://www.wikidata.org/entity/Q158761,
http://www.wikidata.org/entity/Q4642914,http://www.wikidata.org/prop/direct/P144,http://www.wikidata.org/entity/Q238456,
http://www.wikidata.org/entity/Q4642558,http://www.wikidata.org/prop/direct/P144,http://www.wikidata.org/entity/Q259255,
http://www.wikidata.org/entity/Q4642908,http://www.wikidata.org/prop/direct/P144,http://www.wikidata.org/entity/Q259287,
http://www.wikidata.org/entity/Q4643926,http://www.wikidata.org/prop/direct/P144,http://www.wikidata.org/entity/Q258942,
http://www.wikidata.org/entity/Q4643927,http://www.wikidata.org/prop/direct/P144,http://www.wikidata.org/entity/Q259134,
http://www.wikidata.org/entity/Q4545380,http://www.wikidata.org/prop/direct/P144,http://www.wikidata.org/entity/Q3507446,
http://www.wikidata.org/entity/Q4545404,http://www.wikidata.org/prop/direct/P144,http://www.wikidata.org/entity/Q4027908,
http://www.wikidata.org/entity/Q4545356,http://www.wikidata.org/prop/direct/P144,http://www.wikidata.org/entity/Q4545235,
http://www.wikidata.org/entity/Q4545389,http://www.wikidata.org/prop/direct/P144,http://www.wikidata.org/entity/Q4545385,
http://www.wikidata.org/entity/Q4545403,http://www.wikidata.org/prop/direct/P144,http://www.wikidata.org/entity/Q4545404,
http://www.wikidata.org/entity/Q4545339,http://www.wikidata.org/prop/direct/P144,http://www.wikidata.org/entity/Q4645273,
http://www.wikidata.org/entity/Q4642843,http://www.wikidata.org/prop/direct/P144,http://www.wikidata.org/entity/Q2076678,
http://www.wikidata.org/entity/Q4643933,http://www.wikidata.org/prop/direct/P144,http://www.wikidata.org/entity/Q4027897,
http://www.wikidata.org/entity/Q4630529,http://www.wikidata.org/prop/direct/P144,http://www.wikidata.org/entity/Q4545194,
http://www.wikidata.org/entity/Q4641588,http://www.wikidata.org/prop/direct/P144,http://www.wikidata.org/entity/Q4545287,
http://www.wikidata.org/entity/Q4642545,http://www.wikidata.org/prop/direct/P144,http://www.wikidata.org/entity/Q4545219,
http://www.wikidata.org/entity/Q4643926,http://www.wikidata.org/prop/direct/P144,http://www.wikidata.org/entity/Q4545194,
http://www.wikidata.org/entity/Q4642922,http://www.wikidata.org/prop/direct/P144,http://www.wikidata.org/entity/Q4641594,
http://www.wikidata.org/entity/Q4643932,http://www.wikidata.org/prop/direct/P144,http://www.wikidata.org/entity/Q4643933,
http://www.wikidata.org/entity/Q4545377,http://www.wikidata.org/prop/direct/P144,http://www.wikidata.org/entity/Q20087686,
http://www.wikidata.org/entity/Q4545384,http://www.wikidata.org/prop/direct/P144,http://www.wikidata.org/entity/Q24893783,
http://www.wikidata.org/entity/Q8023861,http://www.wikidata.org/prop/direct/P144,http://www.wikidata.org/entity/Q17143910,
http://www.wikidata.org/entity/Q13422995,http://www.wikidata.org/prop/direct/P144,http://www.wikidata.org/entity/Q3919618,
http://www.wikidata.org/entity/Q15964365,http://www.wikidata.org/prop/direct/P144,http://www.wikidata.org/entity/Q259210,
http://www.wikidata.org/entity/Q15964367,http://www.wikidata.org/prop/direct/P144,http://www.wikidata.org/entity/Q2076678,
http://www.wikidata.org/entity/Q15964376,http://www.wikidata.org/prop/direct/P144,http://www.wikidata.org/entity/Q2713807,
http://www.wikidata.org/entity/Q17560835,http://www.wikidata.org/prop/direct/P144,http://www.wikidata.org/entity/Q4548026,
http://www.wikidata.org/entity/Q18404479,http://www.wikidata.org/prop/direct/P144,http://www.wikidata.org/entity/Q171628,
http://www.wikidata.org/entity/Q19562911,http://www.wikidata.org/prop/direct/P144,http://www.wikidata.org/entity/Q259255,
http://www.wikidata.org/entity/Q19562905,http://www.wikidata.org/prop/direct/P144,http://www.wikidata.org/entity/Q4545273,
http://www.wikidata.org/entity/Q20087686,http://www.wikidata.org/prop/direct/P144,http://www.wikidata.org/entity/Q4027901,
http://www.wikidata.org/entity/Q22969556,http://www.wikidata.org/prop/direct/P144,http://www.wikidata.org/entity/Q259287,
http://www.wikidata.org/entity/Q1813388,http://www.wikidata.org/prop/direct/P144,http://www.wikidata.org/entity/Q158761,
http://www.wikidata.org/entity/Q2005795,http://www.wikidata.org/prop/direct/P144,http://www.wikidata.org/entity/Q4545249,
http://www.wikidata.org/entity/Q2076678,http://www.wikidata.org/prop/direct/P144,http://www.wikidata.org/entity/Q2664963,
http://www.wikidata.org/entity/Q2669878,http://www.wikidata.org/prop/direct/P144,http://www.wikidata.org/entity/Q158715,
http://www.wikidata.org/entity/Q2611572,http://www.wikidata.org/prop/direct/P144,http://www.wikidata.org/entity/Q4545233,
http://www.wikidata.org/entity/Q2806376,http://www.wikidata.org/prop/direct/P144,http://www.wikidata.org/entity/Q607215,
http://www.wikidata.org/entity/Q2818104,http://www.wikidata.org/prop/direct/P144,http://www.wikidata.org/entity/Q270069,
http://www.wikidata.org/entity/Q2818598,http://www.wikidata.org/prop/direct/P144,http://www.wikidata.org/entity/Q259287,
http://www.wikidata.org/entity/Q2806378,http://www.wikidata.org/prop/direct/P144,http://www.wikidata.org/entity/Q2005795,
http://www.wikidata.org/entity/Q2806382,http://www.wikidata.org/prop/direct/P144,http://www.wikidata.org/entity/Q2806383,
http://www.wikidata.org/entity/Q2806370,http://www.wikidata.org/prop/direct/P144,http://www.wikidata.org/entity/Q3596387,
http://www.wikidata.org/entity/Q3387967,http://www.wikidata.org/prop/direct/P144,http://www.wikidata.org/entity/Q158761,
http://www.wikidata.org/entity/Q3388221,http://www.wikidata.org/prop/direct/P144,http://www.wikidata.org/entity/Q2005795,
http://www.wikidata.org/entity/Q3596387,http://www.wikidata.org/prop/direct/P144,http://www.wikidata.org/entity/Q2664963,
http://www.wikidata.org/entity/Q3599676,http://www.wikidata.org/prop/direct/P144,http://www.wikidata.org/entity/Q2713807,
http://www.wikidata.org/entity/Q3596390,http://www.wikidata.org/prop/direct/P144,http://www.wikidata.org/entity/Q4545240,
http://www.wikidata.org/entity/Q3919618,http://www.wikidata.org/prop/direct/P144,http://www.wikidata.org/entity/Q259196,
http://www.wikidata.org/entity/Q4027896,http://www.wikidata.org/prop/direct/P144,http://www.wikidata.org/entity/Q158720,
http://www.wikidata.org/entity/Q4032657,http://www.wikidata.org/prop/direct/P144,http://www.wikidata.org/entity/Q259287,
http://www.wikidata.org/entity/Q4032814,http://www.wikidata.org/prop/direct/P144,http://www.wikidata.org/entity/Q259199,
http://www.wikidata.org/entity/Q4027894,http://www.wikidata.org/prop/direct/P144,http://www.wikidata.org/entity/Q2076678,
http://www.wikidata.org/entity/Q4027897,http://www.wikidata.org/prop/direct/P144,http://www.wikidata.org/entity/Q4545332,
http://www.wikidata.org/entity/Q4027900,http://www.wikidata.org/prop/direct/P144,http://www.wikidata.org/entity/Q4545360,
http://www.wikidata.org/entity/Q4027907,http://www.wikidata.org/prop/direct/P144,http://www.wikidata.org/entity/Q4545401,
http://www.wikidata.org/entity/Q4027904,http://www.wikidata.org/prop/direct/P144,http://www.wikidata.org/entity/Q4545389,
http://www.wikidata.org/entity/Q4545202,http://www.wikidata.org/prop/direct/P144,http://www.wikidata.org/entity/Q155194,
http://www.wikidata.org/entity/Q4545171,http://www.wikidata.org/prop/direct/P144,http://www.wikidata.org/entity/Q158698,
http://www.wikidata.org/entity/Q4545182,http://www.wikidata.org/prop/direct/P144,http://www.wikidata.org/entity/Q158718,
http://www.wikidata.org/entity/Q4545180,http://www.wikidata.org/prop/direct/P144,http://www.wikidata.org/entity/Q158729,
http://www.wikidata.org/entity/Q4545210,http://www.wikidata.org/prop/direct/P144,http://www.wikidata.org/entity/Q158721,
http://www.wikidata.org/entity/Q4545231,http://www.wikidata.org/prop/direct/P144,http://www.wikidata.org/entity/Q158720,
http://www.wikidata.org/entity/Q4545236,http://www.wikidata.org/prop/direct/P144,http://www.wikidata.org/entity/Q158721,
http://www.wikidata.org/entity/Q4545240,http://www.wikidata.org/prop/direct/P144,http://www.wikidata.org/entity/Q158761,
http://www.wikidata.org/entity/Q4545241,http://www.wikidata.org/prop/direct/P144,http://www.wikidata.org/entity/Q158739,
http://www.wikidata.org/entity/Q4545274,http://www.wikidata.org/prop/direct/P144,http://www.wikidata.org/entity/Q158721,
http://www.wikidata.org/entity/Q4545305,http://www.wikidata.org/prop/direct/P144,http://www.wikidata.org/entity/Q158721,
http://www.wikidata.org/entity/Q4545311,http://www.wikidata.org/prop/direct/P144,http://www.wikidata.org/entity/Q158721,
http://www.wikidata.org/entity/Q4545326,http://www.wikidata.org/prop/direct/P144,http://www.wikidata.org/entity/Q158721,
http://www.wikidata.org/entity/Q4545195,http://www.wikidata.org/prop/direct/P144,http://www.wikidata.org/entity/Q2005795,
http://www.wikidata.org/entity/Q4545278,http://www.wikidata.org/prop/direct/P144,http://www.wikidata.org/entity/Q2005795,
http://www.wikidata.org/entity/Q4545166,http://www.wikidata.org/prop/direct/P144,http://www.wikidata.org/entity/Q2076678,
http://www.wikidata.org/entity/Q4545250,http://www.wikidata.org/prop/direct/P144,http://www.wikidata.org/entity/Q2076678,
http://www.wikidata.org/entity/Q4545189,http://www.wikidata.org/prop/direct/P144,http://www.wikidata.org/entity/Q2664963,
http://www.wikidata.org/entity/Q4545293,http://www.wikidata.org/prop/direct/P144,http://www.wikidata.org/entity/Q2806378,
http://www.wikidata.org/entity/Q4545287,http://www.wikidata.org/prop/direct/P144,http://www.wikidata.org/entity/Q3387967,
http://www.wikidata.org/entity/Q4545244,http://www.wikidata.org/prop/direct/P144,http://www.wikidata.org/entity/Q4027897,
http://www.wikidata.org/entity/Q4545281,http://www.wikidata.org/prop/direct/P144,http://www.wikidata.org/entity/Q4027897,
http://www.wikidata.org/entity/Q4545168,http://www.wikidata.org/prop/direct/P144,http://www.wikidata.org/entity/Q4545180,
http://www.wikidata.org/entity/Q4545175,http://www.wikidata.org/prop/direct/P144,http://www.wikidata.org/entity/Q4545189,
http://www.wikidata.org/entity/Q4545181,http://www.wikidata.org/prop/direct/P144,http://www.wikidata.org/entity/Q4545182,
http://www.wikidata.org/entity/Q4545197,http://www.wikidata.org/prop/direct/P144,http://www.wikidata.org/entity/Q4545313,
http://www.wikidata.org/entity/Q4545242,http://www.wikidata.org/prop/direct/P144,http://www.wikidata.org/entity/Q4545282,
http://www.wikidata.org/entity/Q4545246,http://www.wikidata.org/prop/direct/P144,http://www.wikidata.org/entity/Q4545308,
http://www.wikidata.org/entity/Q4545250,http://www.wikidata.org/prop/direct/P144,http://www.wikidata.org/entity/Q4545189,
http://www.wikidata.org/entity/Q4545245,http://www.wikidata.org/prop/direct/P144,http://www.wikidata.org/entity/Q4545313,
http://www.wikidata.org/entity/Q4545248,http://www.wikidata.org/prop/direct/P144,http://www.wikidata.org/entity/Q4545240,
http://www.wikidata.org/entity/Q4545249,http://www.wikidata.org/prop/direct/P144,http://www.wikidata.org/entity/Q4545219,
http://www.wikidata.org/entity/Q4545280,http://www.wikidata.org/prop/direct/P144,http://www.wikidata.org/entity/Q4545312,
http://www.wikidata.org/entity/Q4545288,http://www.wikidata.org/prop/direct/P144,http://www.wikidata.org/entity/Q4545382,
http://www.wikidata.org/entity/Q4027908,http://www.wikidata.org/prop/direct/P144,http://www.wikidata.org/entity/Q25100083,
http://www.wikidata.org/entity/Q4545194,http://www.wikidata.org/prop/direct/P144,http://www.wikidata.org/entity/Q15964368,
http://www.wikidata.org/entity/Q4545233,http://www.wikidata.org/prop/direct/P144,http://www.wikidata.org/entity/Q30299895,
http://www.wikidata.org/entity/Q4545169,http://www.wikidata.org/prop/direct/P144,http://www.wikidata.org/entity/Q30302107,
http://www.wikidata.org/entity/Q158706,http://www.wikidata.org/prop/direct/P144,http://www.wikidata.org/entity/Q158729,
http://www.wikidata.org/entity/Q158708,http://www.wikidata.org/prop/direct/P144,http://www.wikidata.org/entity/Q158718,
http://www.wikidata.org/entity/Q158714,http://www.wikidata.org/prop/direct/P144,http://www.wikidata.org/entity/Q158721,
http://www.wikidata.org/entity/Q158743,http://www.wikidata.org/prop/direct/P144,http://www.wikidata.org/entity/Q158761,
http://www.wikidata.org/entity/Q158757,http://www.wikidata.org/prop/direct/P144,http://www.wikidata.org/entity/Q158779,
http://www.wikidata.org/entity/Q158792,http://www.wikidata.org/prop/direct/P144,http://www.wikidata.org/entity/Q158761,
http://www.wikidata.org/entity/Q171628,http://www.wikidata.org/prop/direct/P144,http://www.wikidata.org/entity/Q158721,
http://www.wikidata.org/entity/Q158715,http://www.wikidata.org/prop/direct/P144,http://www.wikidata.org/entity/Q969615,
http://www.wikidata.org/entity/Q158715,http://www.wikidata.org/prop/direct/P144,http://www.wikidata.org/entity/Q1056993,
http://www.wikidata.org/entity/Q158704,http://www.wikidata.org/prop/direct/P144,http://www.wikidata.org/entity/Q2005795,
http://www.wikidata.org/entity/Q158710,http://www.wikidata.org/prop/direct/P144,http://www.wikidata.org/entity/Q2005795,
http://www.wikidata.org/entity/Q158739,http://www.wikidata.org/prop/direct/P144,http://www.wikidata.org/entity/Q2510141,
http://www.wikidata.org/entity/Q259245,http://www.wikidata.org/prop/direct/P144,http://www.wikidata.org/entity/Q259287,
http://www.wikidata.org/entity/Q277494,http://www.wikidata.org/prop/direct/P144,http://www.wikidata.org/entity/Q259196,
http://www.wikidata.org/entity/Q158774,http://www.wikidata.org/prop/direct/P144,http://www.wikidata.org/entity/Q4027903,
http://www.wikidata.org/entity/Q155194,http://www.wikidata.org/prop/direct/P144,http://www.wikidata.org/entity/Q4545270,
http://www.wikidata.org/entity/Q158721,http://www.wikidata.org/prop/direct/P144,http://www.wikidata.org/entity/Q4545233,
http://www.wikidata.org/entity/Q158724,http://www.wikidata.org/prop/direct/P144,http://www.wikidata.org/entity/Q4545240,
http://www.wikidata.org/entity/Q158806,http://www.wikidata.org/prop/direct/P144,http://www.wikidata.org/entity/Q4545313,
http://www.wikidata.org/entity/Q238456,http://www.wikidata.org/prop/direct/P144,http://www.wikidata.org/entity/Q2076678,
http://www.wikidata.org/entity/Q259210,http://www.wikidata.org/prop/direct/P144,http://www.wikidata.org/entity/Q2005795,
http://www.wikidata.org/entity/Q245478,http://www.wikidata.org/prop/direct/P144,http://www.wikidata.org/entity/Q3919618,
http://www.wikidata.org/entity/Q258947,http://www.wikidata.org/prop/direct/P144,http://www.wikidata.org/entity/Q3919618,
http://www.wikidata.org/entity/Q259134,http://www.wikidata.org/prop/direct/P144,http://www.wikidata.org/entity/Q4642908,
http://www.wikidata.org/entity/Q357474,http://www.wikidata.org/prop/direct/P144,http://www.wikidata.org/entity/Q4545196,
http://www.wikidata.org/entity/Q430184,http://www.wikidata.org/prop/direct/P144,http://www.wikidata.org/entity/Q3313404,
http://www.wikidata.org/entity/Q591520,http://www.wikidata.org/prop/direct/P144,http://www.wikidata.org/entity/Q158700,
http://www.wikidata.org/entity/Q625364,http://www.wikidata.org/prop/direct/P144,http://www.wikidata.org/entity/Q158819,
http://www.wikidata.org/entity/Q258942,http://www.wikidata.org/prop/direct/P144,http://www.wikidata.org/entity/Q15964368,
http://www.wikidata.org/entity/Q259287,http://www.wikidata.org/prop/direct/P144,http://www.wikidata.org/entity/Q22815042,
http://www.wikidata.org/entity/Q1056993,http://www.wikidata.org/prop/direct/P144,http://www.wikidata.org/entity/Q158701,
http://www.wikidata.org/entity/Q274935,http://www.wikidata.org/prop/direct/P144,http://www.wikidata.org/entity/Q30015047,
http://www.wikidata.org/entity/Q158809,http://www.wikidata.org/prop/direct/P144,http://www.wikidata.org/entity/Q44233322,
http://www.wikidata.org/entity/Q1795017,http://www.wikidata.org/prop/direct/P144,http://www.wikidata.org/entity/Q4545219,
http://www.wikidata.org/entity/Q4031907,http://www.wikidata.org/prop/direct/P144,http://www.wikidata.org/entity/Q4545235,
http://www.wikidata.org/entity/Q4545395,http://www.wikidata.org/prop/direct/P144,http://www.wikidata.org/entity/Q158806,
http://www.wikidata.org/entity/Q4545164,http://www.wikidata.org/prop/direct/P144,http://www.wikidata.org/entity/Q2664963,
http://www.wikidata.org/entity/Q4630550,http://www.wikidata.org/prop/direct/P144,http://www.wikidata.org/entity/Q258942,
http://www.wikidata.org/entity/Q4642555,http://www.wikidata.org/prop/direct/P144,http://www.wikidata.org/entity/Q245478,
http://www.wikidata.org/entity/Q4545173,http://www.wikidata.org/prop/direct/P144,http://www.wikidata.org/entity/Q4545189,
http://www.wikidata.org/entity/Q4545272,http://www.wikidata.org/prop/direct/P144,http://www.wikidata.org/entity/Q4545263,
http://www.wikidata.org/entity/Q4545393,http://www.wikidata.org/prop/direct/P144,http://www.wikidata.org/entity/Q4545288,
http://www.wikidata.org/entity/Q4643934,http://www.wikidata.org/prop/direct/P144,http://www.wikidata.org/entity/Q4645273,
http://www.wikidata.org/entity/Q15964368,http://www.wikidata.org/prop/direct/P144,http://www.wikidata.org/entity/Q2005795,
http://www.wikidata.org/entity/Q21079444,http://www.wikidata.org/prop/direct/P144,http://www.wikidata.org/entity/Q238456,
http://www.wikidata.org/entity/Q94598,http://www.wikidata.org/prop/direct/P144,http://www.wikidata.org/entity/Q667409,
http://www.wikidata.org/entity/Q135550,http://www.wikidata.org/prop/direct/P144,http://www.wikidata.org/entity/Q259237,
http://www.wikidata.org/entity/Q158773,http://www.wikidata.org/prop/direct/P144,http://www.wikidata.org/entity/Q158803,
http://www.wikidata.org/entity/Q158755,http://www.wikidata.org/prop/direct/P144,http://www.wikidata.org/entity/Q169130,
http://www.wikidata.org/entity/Q158782,http://www.wikidata.org/prop/direct/P144,http://www.wikidata.org/entity/Q169130,
http://www.wikidata.org/entity/Q158766,http://www.wikidata.org/prop/direct/P144,http://www.wikidata.org/entity/Q2660322,
http://www.wikidata.org/entity/Q158769,http://www.wikidata.org/prop/direct/P144,http://www.wikidata.org/entity/Q2660322,
http://www.wikidata.org/entity/Q158733,http://www.wikidata.org/prop/direct/P144,http://www.wikidata.org/entity/Q2806388,
http://www.wikidata.org/entity/Q259170,http://www.wikidata.org/prop/direct/P144,http://www.wikidata.org/entity/Q259228,
http://www.wikidata.org/entity/Q259204,http://www.wikidata.org/prop/direct/P144,http://www.wikidata.org/entity/Q259234,
http://www.wikidata.org/entity/Q259228,http://www.wikidata.org/prop/direct/P144,http://www.wikidata.org/entity/Q259234,
http://www.wikidata.org/entity/Q259234,http://www.wikidata.org/prop/direct/P144,http://www.wikidata.org/entity/Q259287,
http://www.wikidata.org/entity/Q259237,http://www.wikidata.org/prop/direct/P144,http://www.wikidata.org/entity/Q259234,
http://www.wikidata.org/entity/Q277454,http://www.wikidata.org/prop/direct/P144,http://www.wikidata.org/entity/Q135550,
http://www.wikidata.org/entity/Q277453,http://www.wikidata.org/prop/direct/P144,http://www.wikidata.org/entity/Q135550,
http://www.wikidata.org/entity/Q277465,http://www.wikidata.org/prop/direct/P144,http://www.wikidata.org/entity/Q135550,
http://www.wikidata.org/entity/Q277462,http://www.wikidata.org/prop/direct/P144,http://www.wikidata.org/entity/Q277465,
http://www.wikidata.org/entity/Q169130,http://www.wikidata.org/prop/direct/P144,http://www.wikidata.org/entity/Q4209700,
http://www.wikidata.org/entity/Q649326,http://www.wikidata.org/prop/direct/P144,http://www.wikidata.org/entity/Q135550,
http://www.wikidata.org/entity/Q749063,http://www.wikidata.org/prop/direct/P144,http://www.wikidata.org/entity/Q259228,
http://www.wikidata.org/entity/Q4545265,http://www.wikidata.org/prop/direct/P144,http://www.wikidata.org/entity/Q158741,
http://www.wikidata.org/entity/Q4545265,http://www.wikidata.org/prop/direct/P144,http://www.wikidata.org/entity/Q158766,
http://www.wikidata.org/entity/Q4641590,http://www.wikidata.org/prop/direct/P144,http://www.wikidata.org/entity/Q135550,
http://www.wikidata.org/entity/Q4646727,http://www.wikidata.org/prop/direct/P144,http://www.wikidata.org/entity/Q169130,
http://www.wikidata.org/entity/Q4646730,http://www.wikidata.org/prop/direct/P144,http://www.wikidata.org/entity/Q169130,
http://www.wikidata.org/entity/Q4545333,http://www.wikidata.org/prop/direct/P144,http://www.wikidata.org/entity/Q4545370,
http://www.wikidata.org/entity/Q4545381,http://www.wikidata.org/prop/direct/P144,http://www.wikidata.org/entity/Q4545235,
http://www.wikidata.org/entity/Q4644307,http://www.wikidata.org/prop/direct/P144,http://www.wikidata.org/entity/Q4545364,
http://www.wikidata.org/entity/Q4646471,http://www.wikidata.org/prop/direct/P144,http://www.wikidata.org/entity/Q4545364,
http://www.wikidata.org/entity/Q25100238,http://www.wikidata.org/prop/direct/P144,http://www.wikidata.org/entity/Q2076678,
http://www.wikidata.org/entity/Q25110073,http://www.wikidata.org/prop/direct/P144,http://www.wikidata.org/entity/Q4545359,
http://www.wikidata.org/entity/Q28448666,http://www.wikidata.org/prop/direct/P144,http://www.wikidata.org/entity/Q4545248,
http://www.wikidata.org/entity/Q45197128,http://www.wikidata.org/prop/direct/P144,http://www.wikidata.org/entity/Q4545382,
http://www.wikidata.org/entity/Q52529137,http://www.wikidata.org/prop/direct/P144,http://www.wikidata.org/entity/Q245476,
http://www.wikidata.org/entity/Q66245023,http://www.wikidata.org/prop/direct/P144,http://www.wikidata.org/entity/Q17560835,
http://www.wikidata.org/entity/Q245493,http://www.wikidata.org/prop/direct/P144,http://www.wikidata.org/entity/Q4209700,
http://www.wikidata.org/entity/Q1579701,http://www.wikidata.org/prop/direct/P144,http://www.wikidata.org/entity/Q2076678,
http://www.wikidata.org/entity/Q1579701,http://www.wikidata.org/prop/direct/P144,http://www.wikidata.org/entity/Q4545189,
http://www.wikidata.org/entity/Q1795199,http://www.wikidata.org/prop/direct/P144,http://www.wikidata.org/entity/Q158733,
http://www.wikidata.org/entity/Q1797555,http://www.wikidata.org/prop/direct/P144,http://www.wikidata.org/entity/Q2806386,
http://www.wikidata.org/entity/Q2806385,http://www.wikidata.org/prop/direct/P144,http://www.wikidata.org/entity/Q158764,
http://www.wikidata.org/entity/Q2806381,http://www.wikidata.org/prop/direct/P144,http://www.wikidata.org/entity/Q1795199,
http://www.wikidata.org/entity/Q4545191,http://www.wikidata.org/prop/direct/P144,http://www.wikidata.org/entity/Q135550,
http://www.wikidata.org/entity/Q4545375,http://www.wikidata.org/prop/direct/P144,http://www.wikidata.org/entity/Q158787,
http://www.wikidata.org/entity/Q4545392,http://www.wikidata.org/prop/direct/P144,http://www.wikidata.org/entity/Q158812,
http://www.wikidata.org/entity/Q4545191,http://www.wikidata.org/prop/direct/P144,http://www.wikidata.org/entity/Q169130,
http://www.wikidata.org/entity/Q4637252,http://www.wikidata.org/prop/direct/P144,http://www.wikidata.org/entity/Q158698,
http://www.wikidata.org/entity/Q4637259,http://www.wikidata.org/prop/direct/P144,http://www.wikidata.org/entity/Q158700,
http://www.wikidata.org/entity/Q4639679,http://www.wikidata.org/prop/direct/P144,http://www.wikidata.org/entity/Q238456,
http://www.wikidata.org/entity/Q4642925,http://www.wikidata.org/prop/direct/P144,http://www.wikidata.org/entity/Q155194,
http://www.wikidata.org/entity/Q4545261,http://www.wikidata.org/prop/direct/P144,http://www.wikidata.org/entity/Q3919618,
http://www.wikidata.org/entity/Q4545387,http://www.wikidata.org/prop/direct/P144,http://www.wikidata.org/entity/Q4545375,
http://www.wikidata.org/entity/Q4545391,http://www.wikidata.org/prop/direct/P144,http://www.wikidata.org/entity/Q4545288,
http://www.wikidata.org/entity/Q4027901,http://www.wikidata.org/prop/direct/P144,http://www.wikidata.org/entity/Q25348796,
http://www.wikidata.org/entity/Q16911093,http://www.wikidata.org/prop/direct/P144,http://www.wikidata.org/entity/Q238456,
http://www.wikidata.org/entity/Q44137566,http://www.wikidata.org/prop/direct/P144,http://www.wikidata.org/entity/Q135550,
http://www.wikidata.org/entity/Q44645734,http://www.wikidata.org/prop/direct/P144,http://www.wikidata.org/entity/Q238456,
