subject,predicate,object,context
http://www.wikidata.org/entity/Q59665,http://example.org/belongs_to,http://www.wikidata.org/entity/Q1922133,
http://www.wikidata.org/entity/Q95153,http://example.org/belongs_to,http://www.wikidata.org/entity/Q1319624,
http://www.wikidata.org/entity/Q302186,http://example.org/belongs_to,http://www.wikidata.org/entity/Q2211423,
http://www.wikidata.org/entity/Q369805,http://example.org/belongs_to,http://www.wikidata.org/entity/Q2109149,
http://www.wikidata.org/entity/Q431862,http://example.org/belongs_to,http://www.wikidata.org/entity/Q2211423,
http://www.wikidata.org/entity/Q521305,http://example.org/belongs_to,http://www.wikidata.org/entity/Q2082275,
http://www.wikidata.org/entity/Q551989,http://example.org/belongs_to,http://www.wikidata.org/entity/Q2109149,
http://www.wikidata.org/entity/Q568267,http://example.org/belongs_to,http://www.wikidata.org/entity/Q2109149,
http://www.wikidata.org/entity/Q572626,http://example.org/belongs_to,http://www.wikidata.org/entity/Q2082275,
http://www.wikidata.org/entity/Q587036,http://example.org/belongs_to,http://www.wikidata.org/entity/Q2193435,
http://www.wikidata.org/entity/Q601199,http://example.org/belongs_to,http://www.wikidata.org/entity/Q2109149,
http://www.wikidata.org/entity/Q613067,http://example.org/belongs_to,http://www.wikidata.org/entity/Q1764367,
http://www.wikidata.org/entity/Q602575,http://example.org/belongs_to,http://www.wikidata.org/entity/Q2109149,
http://www.wikidata.org/entity/Q632212,http://example.org/belongs_to,http://www.wikidata.org/entity/Q2109149,
http://www.wikidata.org/entity/Q647105,http://example.org/belongs_to,http://www.wikidata.org/entity/Q1922133,
http://www.wikidata.org/entity/Q653898,http://example.org/belongs_to,http://www.wikidata.org/entity/Q2082275,
http://www.wikidata.org/entity/Q654588,http://example.org/belongs_to,http://www.wikidata.org/entity/Q2082275,
http://www.wikidata.org/entity/Q737236,http://example.org/belongs_to,http://www.wikidata.org/entity/Q1764367,
http://www.wikidata.org/entity/Q734932,http://example.org/belongs_to,http://www.wikidata.org/entity/Q1892114,
http://www.wikidata.org/entity/Q737236,http://example.org/belongs_to,http://www.wikidata.org/entity/Q2211423,
http://www.wikidata.org/entity/Q741279,http://example.org/belongs_to,http://www.wikidata.org/entity/Q2109149,
http://www.wikidata.org/entity/Q748726,http://example.org/belongs_to,http://www.wikidata.org/entity/Q2211423,
http://www.wikidata.org/entity/Q770064,http://example.org/belongs_to,http://www.wikidata.org/entity/Q2109149,
http://www.wikidata.org/entity/Q770064,http://example.org/belongs_to,http://www.wikidata.org/entity/Q2211423,
http://www.wikidata.org/entity/Q840291,http://example.org/belongs_to,http://www.wikidata.org/entity/Q2109149,
http://www.wikidata.org/entity/Q838088,http://example.org/belongs_to,http://www.wikidata.org/entity/Q2211423,
http://www.wikidata.org/entity/Q849818,http://example.org/belongs_to,http://www.wikidata.org/entity/Q2082275,
http://www.wikidata.org/entity/Q849486,http://example.org/belongs_to,http://www.wikidata.org/entity/Q2211423,
http://www.wikidata.org/entity/Q858901,http://example.org/belongs_to,http://www.wikidata.org/entity/Q2109149,
http://www.wikidata.org/entity/Q857921,http://example.org/belongs_to,http://www.wikidata.org/entity/Q2211423,
http://www.wikidata.org/entity/Q887309,http://example.org/belongs_to,http://www.wikidata.org/entity/Q1622538,
http://www.wikidata.org/entity/Q881024,http://example.org/belongs_to,http://www.wikidata.org/entity/Q1892114,
http://www.wikidata.org/entity/Q929273,http://example.org/belongs_to,http://www.wikidata.org/entity/Q2211423,
http://www.wikidata.org/entity/Q996154,http://example.org/belongs_to,http://www.wikidata.org/entity/Q2211423,
http://www.wikidata.org/entity/Q1002884,http://example.org/belongs_to,http://www.wikidata.org/entity/Q2211423,
http://www.wikidata.org/entity/Q1041907,http://example.org/belongs_to,http://www.wikidata.org/entity/Q2193435,
http://www.wikidata.org/entity/Q1049890,http://example.org/belongs_to,http://www.wikidata.org/entity/Q2082275,
http://www.wikidata.org/entity/Q1165043,http://example.org/belongs_to,http://www.wikidata.org/entity/Q2109149,
http://www.wikidata.org/entity/Q1194236,http://example.org/belongs_to,http://www.wikidata.org/entity/Q2109149,
http://www.wikidata.org/entity/Q1394350,http://example.org/belongs_to,http://www.wikidata.org/entity/Q2193435,
http://www.wikidata.org/entity/Q1621261,http://example.org/belongs_to,http://www.wikidata.org/entity/Q2082275,
http://www.wikidata.org/entity/Q1839684,http://example.org/belongs_to,http://www.wikidata.org/entity/Q2109149,
http://www.wikidata.org/entity/Q1995969,http://example.org/belongs_to,http://www.wikidata.org/entity/Q1764367,
http://www.wikidata.org/entity/Q1990090,http://example.org/belongs_to,http://www.wikidata.org/entity/Q2082275,
http://www.wikidata.org/entity/Q1995969,http://example.org/belongs_to,http://www.wikidata.org/entity/Q1922133,
http://www.wikidata.org/entity/Q1990090,http://example.org/belongs_to,http://www.wikidata.org/entity/Q2193435,
http://www.wikidata.org/entity/Q1995969,http://example.org/belongs_to,http://www.wikidata.org/entity/Q2109149,
http://www.wikidata.org/entity/Q2015743,http://example.org/belongs_to,http://www.wikidata.org/entity/Q2082275,
http://www.wikidata.org/entity/Q2015743,http://example.org/belongs_to,http://www.wikidata.org/entity/Q2193435,
http://www.wikidata.org/entity/Q2071256,http://example.org/belongs_to,http://www.wikidata.org/entity/Q2211423,
http://www.wikidata.org/entity/Q2198161,http://example.org/belongs_to,http://www.wikidata.org/entity/Q1922133,
http://www.wikidata.org/entity/Q2198161,http://example.org/belongs_to,http://www.wikidata.org/entity/Q2211423,
http://www.wikidata.org/entity/Q2258275,http://example.org/belongs_to,http://www.wikidata.org/entity/Q2109149,
http://www.wikidata.org/entity/Q2265812,http://example.org/belongs_to,http://www.wikidata.org/entity/Q2109149,
http://www.wikidata.org/entity/Q2297886,http://example.org/belongs_to,http://www.wikidata.org/entity/Q2082275,
http://www.wikidata.org/entity/Q2297765,http://example.org/belongs_to,http://www.wikidata.org/entity/Q2193435,
http://www.wikidata.org/entity/Q2405949,http://example.org/belongs_to,http://www.wikidata.org/entity/Q2109149,
http://www.wikidata.org/entity/Q2452573,http://example.org/belongs_to,http://www.wikidata.org/entity/Q2211423,
http://www.wikidata.org/entity/Q2456058,http://example.org/belongs_to,http://www.wikidata.org/entity/Q2211423,
http://www.wikidata.org/entity/Q2551564,http://example.org/belongs_to,http://www.wikidata.org/entity/Q1622538,
http://www.wikidata.org/entity/Q2539056,http://example.org/belongs_to,http://www.wikidata.org/entity/Q2193435,
http://www.wikidata.org/entity/Q2550226,http://example.org/belongs_to,http://www.wikidata.org/entity/Q1922133,
http://www.wikidata.org/entity/Q2569703,http://example.org/belongs_to,http://www.wikidata.org/entity/Q2211423,
http://www.wikidata.org/entity/Q2597584,http://example.org/belongs_to,http://www.wikidata.org/entity/Q2211423,
http://www.wikidata.org/entity/Q2604715,http://example.org/belongs_to,http://www.wikidata.org/entity/Q2082275,
http://www.wikidata.org/entity/Q2624716,http://example.org/belongs_to,http://www.wikidata.org/entity/Q1922133,
http://www.wikidata.org/entity/Q2624390,http://example.org/belongs_to,http://www.wikidata.org/entity/Q2109149,
http://www.wikidata.org/entity/Q2624756,http://example.org/belongs_to,http://www.wikidata.org/entity/Q2211423,
http://www.wikidata.org/entity/Q2658347,http://example.org/belongs_to,http://www.wikidata.org/entity/Q1764367,
http://www.wikidata.org/entity/Q2714915,http://example.org/belongs_to,http://www.wikidata.org/entity/Q1922133,
http://www.wikidata.org/entity/Q2723286,http://example.org/belongs_to,http://www.wikidata.org/entity/Q1764367,
http://www.wikidata.org/entity/Q2723601,http://example.org/belongs_to,http://www.wikidata.org/entity/Q1764367,
http://www.wikidata.org/entity/Q2719607,http://example.org/belongs_to,http://www.wikidata.org/entity/Q2082275,
http://www.wikidata.org/entity/Q2737565,http://example.org/belongs_to,http://www.wikidata.org/entity/Q1622538,
http://www.wikidata.org/entity/Q2741605,http://example.org/belongs_to,http://www.wikidata.org/entity/Q1622538,
http://www.wikidata.org/entity/Q2741605,http://example.org/belongs_to,http://www.wikidata.org/entity/Q2109149,
http://www.wikidata.org/entity/Q2750641,http://example.org/belongs_to,http://www.wikidata.org/entity/Q2109149,
http://www.wikidata.org/entity/Q2917078,http://example.org/belongs_to,http://www.wikidata.org/entity/Q2082275,
http://www.wikidata.org/entity/Q2917078,http://example.org/belongs_to,http://www.wikidata.org/entity/Q2193435,
http://www.wikidata.org/entity/Q3012120,http://example.org/belongs_to,http://www.wikidata.org/entity/Q2109149,
http://www.wikidata.org/entity/Q3012120,http://example.org/belongs_to,http://www.wikidata.org/entity/Q2193435,
http://www.wikidata.org/entity/Q3050923,http://example.org/belongs_to,http://www.wikidata.org/entity/Q2109149,
http://www.wikidata.org/entity/Q3068232,http://example.org/belongs_to,http://www.wikidata.org/entity/Q2193435,
http://www.wikidata.org/entity/Q3115851,http://example.org/belongs_to,http://www.wikidata.org/entity/Q1622538,
http://www.wikidata.org/entity/Q3108790,http://example.org/belongs_to,http://www.wikidata.org/entity/Q2211423,
http://www.wikidata.org/entity/Q3538579,http://example.org/belongs_to,http://www.wikidata.org/entity/Q2109149,
http://www.wikidata.org/entity/Q3567749,http://example.org/belongs_to,http://www.wikidata.org/entity/Q2193435,
http://www.wikidata.org/entity/Q3641739,http://example.org/belongs_to,http://www.wikidata.org/entity/Q1622538,
http://www.wikidata.org/entity/Q3837487,http://example.org/belongs_to,http://www.wikidata.org/entity/Q2109149,
http://www.wikidata.org/entity/Q3985214,http://example.org/belongs_to,http://www.wikidata.org/entity/Q2109149,
http://www.wikidata.org/entity/Q5026269,http://example.org/belongs_to,http://www.wikidata.org/entity/Q1622538,
http://www.wikidata.org/entity/Q5288205,http://example.org/belongs_to,http://www.wikidata.org/entity/Q2109149,
http://www.wikidata.org/entity/Q6163022,http://example.org/belongs_to,http://www.wikidata.org/entity/Q2082275,
http://www.wikidata.org/entity/Q7614956,http://example.org/belongs_to,http://www.wikidata.org/entity/Q1622538,
http://www.wikidata.org/entity/Q8347897,http://example.org/belongs_to,http://www.wikidata.org/entity/Q2109149,
http://www.wikidata.org/entity/Q10342795,http://example.org/belongs_to,http://www.wikidata.org/entity/Q2109149,
http://www.wikidata.org/entity/Q11691992,http://example.org/belongs_to,http://www.wikidata.org/entity/Q2193435,
http://www.wikidata.org/entity/Q17090877,http://example.org/belongs_to,http://www.wikidata.org/entity/Q2109149,
http://www.wikidata.org/entity/Q20979405,http://example.org/belongs_to,http://www.wikidata.org/entity/Q1622538,
http://www.wikidata.org/entity/Q52199842,http://example.org/belongs_to,http://www.wikidata.org/entity/Q1892114,
http://www.wikidata.org/entity/Q95153,http://example.org/belongs_to,http://www.wikidata.org/entity/Q3706268,
http://www.wikidata.org/entity/Q430178,http://example.org/belongs_to,http://www.wikidata.org/entity/Q3649124,
http://www.wikidata.org/entity/Q572626,http://example.org/belongs_to,http://www.wikidata.org/entity/Q3588916,
http://www.wikidata.org/entity/Q580074,http://example.org/belongs_to,http://www.wikidata.org/entity/Q3566949,
http://www.wikidata.org/entity/Q929273,http://example.org/belongs_to,http://www.wikidata.org/entity/Q3575679,
http://www.wikidata.org/entity/Q944173,http://example.org/belongs_to,http://www.wikidata.org/entity/Q3566949,
http://www.wikidata.org/entity/Q1753322,http://example.org/belongs_to,http://www.wikidata.org/entity/Q3588916,
http://www.wikidata.org/entity/Q2296621,http://example.org/belongs_to,http://www.wikidata.org/entity/Q3569410,
http://www.wikidata.org/entity/Q2297886,http://example.org/belongs_to,http://www.wikidata.org/entity/Q3588916,
http://www.wikidata.org/entity/Q2420331,http://example.org/belongs_to,http://www.wikidata.org/entity/Q3706268,
http://www.wikidata.org/entity/Q2532044,http://example.org/belongs_to,http://www.wikidata.org/entity/Q3649124,
http://www.wikidata.org/entity/Q2539413,http://example.org/belongs_to,http://www.wikidata.org/entity/Q3566949,
http://www.wikidata.org/entity/Q2624726,http://example.org/belongs_to,http://www.wikidata.org/entity/Q3649124,
http://www.wikidata.org/entity/Q2671468,http://example.org/belongs_to,http://www.wikidata.org/entity/Q3588916,
http://www.wikidata.org/entity/Q3109652,http://example.org/belongs_to,http://www.wikidata.org/entity/Q3679001,
http://www.wikidata.org/entity/Q7116706,http://example.org/belongs_to,http://www.wikidata.org/entity/Q3679001,
http://www.wikidata.org/entity/Q7248194,http://example.org/belongs_to,http://www.wikidata.org/entity/Q3566949,
http://www.wikidata.org/entity/Q17090877,http://example.org/belongs_to,http://www.wikidata.org/entity/Q3649124,
http://www.wikidata.org/entity/Q39071489,http://example.org/belongs_to,http://www.wikidata.org/entity/Q3649124,
http://www.wikidata.org/entity/Q59644,http://example.org/belongs_to,http://www.wikidata.org/entity/Q128452,
http://www.wikidata.org/entity/Q59665,http://example.org/belongs_to,http://www.wikidata.org/entity/Q128452,
http://www.wikidata.org/entity/Q60002,http://example.org/belongs_to,http://www.wikidata.org/entity/Q128452,
http://www.wikidata.org/entity/Q258015,http://example.org/belongs_to,http://www.wikidata.org/entity/Q19632,
http://www.wikidata.org/entity/Q849486,http://example.org/belongs_to,http://www.wikidata.org/entity/Q19632,
http://www.wikidata.org/entity/Q2071256,http://example.org/belongs_to,http://www.wikidata.org/entity/Q19632,
http://www.wikidata.org/entity/Q2385117,http://example.org/belongs_to,http://www.wikidata.org/entity/Q19632,
http://www.wikidata.org/entity/Q2504688,http://example.org/belongs_to,http://www.wikidata.org/entity/Q19632,
http://www.wikidata.org/entity/Q6432784,http://example.org/belongs_to,http://www.wikidata.org/entity/Q19632,
http://www.wikidata.org/entity/Q186422,http://example.org/belongs_to,http://www.wikidata.org/entity/Q128452,
http://www.wikidata.org/entity/Q251321,http://example.org/belongs_to,http://www.wikidata.org/entity/Q128452,
http://www.wikidata.org/entity/Q258015,http://example.org/belongs_to,http://www.wikidata.org/entity/Q128452,
http://www.wikidata.org/entity/Q283523,http://example.org/belongs_to,http://www.wikidata.org/entity/Q128452,
http://www.wikidata.org/entity/Q302186,http://example.org/belongs_to,http://www.wikidata.org/entity/Q128452,
http://www.wikidata.org/entity/Q431862,http://example.org/belongs_to,http://www.wikidata.org/entity/Q128452,
http://www.wikidata.org/entity/Q546340,http://example.org/belongs_to,http://www.wikidata.org/entity/Q128452,
http://www.wikidata.org/entity/Q547306,http://example.org/belongs_to,http://www.wikidata.org/entity/Q128452,
http://www.wikidata.org/entity/Q578279,http://example.org/belongs_to,http://www.wikidata.org/entity/Q128452,
http://www.wikidata.org/entity/Q601199,http://example.org/belongs_to,http://www.wikidata.org/entity/Q128452,
http://www.wikidata.org/entity/Q613067,http://example.org/belongs_to,http://www.wikidata.org/entity/Q128452,
http://www.wikidata.org/entity/Q632212,http://example.org/belongs_to,http://www.wikidata.org/entity/Q128452,
http://www.wikidata.org/entity/Q647105,http://example.org/belongs_to,http://www.wikidata.org/entity/Q128452,
http://www.wikidata.org/entity/Q653308,http://example.org/belongs_to,http://www.wikidata.org/entity/Q128452,
http://www.wikidata.org/entity/Q726756,http://example.org/belongs_to,http://www.wikidata.org/entity/Q128452,
http://www.wikidata.org/entity/Q736844,http://example.org/belongs_to,http://www.wikidata.org/entity/Q128452,
http://www.wikidata.org/entity/Q737236,http://example.org/belongs_to,http://www.wikidata.org/entity/Q128452,
http://www.wikidata.org/entity/Q741279,http://example.org/belongs_to,http://www.wikidata.org/entity/Q128452,
http://www.wikidata.org/entity/Q748726,http://example.org/belongs_to,http://www.wikidata.org/entity/Q128452,
http://www.wikidata.org/entity/Q767790,http://example.org/belongs_to,http://www.wikidata.org/entity/Q128452,
http://www.wikidata.org/entity/Q770064,http://example.org/belongs_to,http://www.wikidata.org/entity/Q128452,
http://www.wikidata.org/entity/Q838076,http://example.org/belongs_to,http://www.wikidata.org/entity/Q128452,
http://www.wikidata.org/entity/Q838088,http://example.org/belongs_to,http://www.wikidata.org/entity/Q128452,
http://www.wikidata.org/entity/Q838097,http://example.org/belongs_to,http://www.wikidata.org/entity/Q128452,
http://www.wikidata.org/entity/Q840291,http://example.org/belongs_to,http://www.wikidata.org/entity/Q128452,
http://www.wikidata.org/entity/Q841372,http://example.org/belongs_to,http://www.wikidata.org/entity/Q128452,
http://www.wikidata.org/entity/Q849486,http://example.org/belongs_to,http://www.wikidata.org/entity/Q128452,
http://www.wikidata.org/entity/Q857921,http://example.org/belongs_to,http://www.wikidata.org/entity/Q128452,
http://www.wikidata.org/entity/Q920406,http://example.org/belongs_to,http://www.wikidata.org/entity/Q128452,
http://www.wikidata.org/entity/Q929273,http://example.org/belongs_to,http://www.wikidata.org/entity/Q128452,
http://www.wikidata.org/entity/Q962777,http://example.org/belongs_to,http://www.wikidata.org/entity/Q128452,
http://www.wikidata.org/entity/Q973050,http://example.org/belongs_to,http://www.wikidata.org/entity/Q128452,
http://www.wikidata.org/entity/Q977088,http://example.org/belongs_to,http://www.wikidata.org/entity/Q128452,
http://www.wikidata.org/entity/Q996154,http://example.org/belongs_to,http://www.wikidata.org/entity/Q128452,
http://www.wikidata.org/entity/Q1002884,http://example.org/belongs_to,http://www.wikidata.org/entity/Q128452,
http://www.wikidata.org/entity/Q1050089,http://example.org/belongs_to,http://www.wikidata.org/entity/Q128452,
http://www.wikidata.org/entity/Q1051158,http://example.org/belongs_to,http://www.wikidata.org/entity/Q128452,
http://www.wikidata.org/entity/Q1174625,http://example.org/belongs_to,http://www.wikidata.org/entity/Q128452,
http://www.wikidata.org/entity/Q1194236,http://example.org/belongs_to,http://www.wikidata.org/entity/Q128452,
http://www.wikidata.org/entity/Q1602892,http://example.org/belongs_to,http://www.wikidata.org/entity/Q128452,
http://www.wikidata.org/entity/Q1607791,http://example.org/belongs_to,http://www.wikidata.org/entity/Q128452,
http://www.wikidata.org/entity/Q1631090,http://example.org/belongs_to,http://www.wikidata.org/entity/Q128452,
http://www.wikidata.org/entity/Q1642066,http://example.org/belongs_to,http://www.wikidata.org/entity/Q128452,
http://www.wikidata.org/entity/Q1648739,http://example.org/belongs_to,http://www.wikidata.org/entity/Q128452,
http://www.wikidata.org/entity/Q1771401,http://example.org/belongs_to,http://www.wikidata.org/entity/Q128452,
http://www.wikidata.org/entity/Q1872439,http://example.org/belongs_to,http://www.wikidata.org/entity/Q128452,
http://www.wikidata.org/entity/Q1884663,http://example.org/belongs_to,http://www.wikidata.org/entity/Q128452,
http://www.wikidata.org/entity/Q1911253,http://example.org/belongs_to,http://www.wikidata.org/entity/Q128452,
http://www.wikidata.org/entity/Q1995969,http://example.org/belongs_to,http://www.wikidata.org/entity/Q128452,
http://www.wikidata.org/entity/Q2003105,http://example.org/belongs_to,http://www.wikidata.org/entity/Q128452,
http://www.wikidata.org/entity/Q2064366,http://example.org/belongs_to,http://www.wikidata.org/entity/Q128452,
http://www.wikidata.org/entity/Q2071256,http://example.org/belongs_to,http://www.wikidata.org/entity/Q128452,
http://www.wikidata.org/entity/Q2196544,http://example.org/belongs_to,http://www.wikidata.org/entity/Q128452,
http://www.wikidata.org/entity/Q2204855,http://example.org/belongs_to,http://www.wikidata.org/entity/Q128452,
http://www.wikidata.org/entity/Q2213159,http://example.org/belongs_to,http://www.wikidata.org/entity/Q128452,
http://www.wikidata.org/entity/Q2258275,http://example.org/belongs_to,http://www.wikidata.org/entity/Q128452,
http://www.wikidata.org/entity/Q2265169,http://example.org/belongs_to,http://www.wikidata.org/entity/Q128452,
http://www.wikidata.org/entity/Q2267017,http://example.org/belongs_to,http://www.wikidata.org/entity/Q128452,
http://www.wikidata.org/entity/Q2278480,http://example.org/belongs_to,http://www.wikidata.org/entity/Q128452,
http://www.wikidata.org/entity/Q2296652,http://example.org/belongs_to,http://www.wikidata.org/entity/Q128452,
http://www.wikidata.org/entity/Q2297125,http://example.org/belongs_to,http://www.wikidata.org/entity/Q128452,
http://www.wikidata.org/entity/Q2299363,http://example.org/belongs_to,http://www.wikidata.org/entity/Q128452,
http://www.wikidata.org/entity/Q2320361,http://example.org/belongs_to,http://www.wikidata.org/entity/Q128452,
http://www.wikidata.org/entity/Q2361279,http://example.org/belongs_to,http://www.wikidata.org/entity/Q128452,
http://www.wikidata.org/entity/Q2366159,http://example.org/belongs_to,http://www.wikidata.org/entity/Q128452,
http://www.wikidata.org/entity/Q2398372,http://example.org/belongs_to,http://www.wikidata.org/entity/Q128452,
http://www.wikidata.org/entity/Q2452573,http://example.org/belongs_to,http://www.wikidata.org/entity/Q128452,
http://www.wikidata.org/entity/Q2539373,http://example.org/belongs_to,http://www.wikidata.org/entity/Q128452,
http://www.wikidata.org/entity/Q2539413,http://example.org/belongs_to,http://www.wikidata.org/entity/Q128452,
http://www.wikidata.org/entity/Q2550226,http://example.org/belongs_to,http://www.wikidata.org/entity/Q128452,
http://www.wikidata.org/entity/Q2560424,http://example.org/belongs_to,http://www.wikidata.org/entity/Q128452,
http://www.wikidata.org/entity/Q2568022,http://example.org/belongs_to,http://www.wikidata.org/entity/Q128452,
http://www.wikidata.org/entity/Q7920882,http://example.org/belongs_to,http://www.wikidata.org/entity/Q2594763,
http://www.wikidata.org/entity/Q17090877,http://example.org/belongs_to,http://www.wikidata.org/entity/Q2527918,
http://www.wikidata.org/entity/Q24034722,http://example.org/belongs_to,http://www.wikidata.org/entity/Q2264980,
http://www.wikidata.org/entity/Q24050072,http://example.org/belongs_to,http://www.wikidata.org/entity/Q2545790,
http://www.wikidata.org/entity/Q24050083,http://example.org/belongs_to,http://www.wikidata.org/entity/Q2545790,
http://www.wikidata.org/entity/Q24050088,http://example.org/belongs_to,http://www.wikidata.org/entity/Q2545790,
http://www.wikidata.org/entity/Q39071489,http://example.org/belongs_to,http://www.wikidata.org/entity/Q2292780,
http://www.wikidata.org/entity/Q54833756,http://example.org/belongs_to,http://www.wikidata.org/entity/Q2527918,
http://www.wikidata.org/entity/Q2568977,http://example.org/belongs_to,http://www.wikidata.org/entity/Q128452,
http://www.wikidata.org/entity/Q2584217,http://example.org/belongs_to,http://www.wikidata.org/entity/Q128452,
http://www.wikidata.org/entity/Q2595339,http://example.org/belongs_to,http://www.wikidata.org/entity/Q128452,
http://www.wikidata.org/entity/Q2602677,http://example.org/belongs_to,http://www.wikidata.org/entity/Q128452,
http://www.wikidata.org/entity/Q2624390,http://example.org/belongs_to,http://www.wikidata.org/entity/Q128452,
http://www.wikidata.org/entity/Q2639150,http://example.org/belongs_to,http://www.wikidata.org/entity/Q128452,
http://www.wikidata.org/entity/Q2651308,http://example.org/belongs_to,http://www.wikidata.org/entity/Q128452,
http://www.wikidata.org/entity/Q2660736,http://example.org/belongs_to,http://www.wikidata.org/entity/Q128452,
http://www.wikidata.org/entity/Q2663986,http://example.org/belongs_to,http://www.wikidata.org/entity/Q128452,
http://www.wikidata.org/entity/Q2679732,http://example.org/belongs_to,http://www.wikidata.org/entity/Q128452,
http://www.wikidata.org/entity/Q2714915,http://example.org/belongs_to,http://www.wikidata.org/entity/Q128452,
http://www.wikidata.org/entity/Q2723601,http://example.org/belongs_to,http://www.wikidata.org/entity/Q128452,
http://www.wikidata.org/entity/Q2734801,http://example.org/belongs_to,http://www.wikidata.org/entity/Q128452,
http://www.wikidata.org/entity/Q2755191,http://example.org/belongs_to,http://www.wikidata.org/entity/Q128452,
http://www.wikidata.org/entity/Q2821619,http://example.org/belongs_to,http://www.wikidata.org/entity/Q128452,
http://www.wikidata.org/entity/Q2916404,http://example.org/belongs_to,http://www.wikidata.org/entity/Q128452,
http://www.wikidata.org/entity/Q3047343,http://example.org/belongs_to,http://www.wikidata.org/entity/Q128452,
http://www.wikidata.org/entity/Q3115862,http://example.org/belongs_to,http://www.wikidata.org/entity/Q128452,
http://www.wikidata.org/entity/Q3257589,http://example.org/belongs_to,http://www.wikidata.org/entity/Q128452,
http://www.wikidata.org/entity/Q369197,http://example.org/belongs_to,http://www.wikidata.org/entity/Q2527918,
http://www.wikidata.org/entity/Q388316,http://example.org/belongs_to,http://www.wikidata.org/entity/Q2527918,
http://www.wikidata.org/entity/Q432272,http://example.org/belongs_to,http://www.wikidata.org/entity/Q2457162,
http://www.wikidata.org/entity/Q491609,http://example.org/belongs_to,http://www.wikidata.org/entity/Q2264980,
http://www.wikidata.org/entity/Q510450,http://example.org/belongs_to,http://www.wikidata.org/entity/Q2594763,
http://www.wikidata.org/entity/Q534889,http://example.org/belongs_to,http://www.wikidata.org/entity/Q2594763,
http://www.wikidata.org/entity/Q547306,http://example.org/belongs_to,http://www.wikidata.org/entity/Q2545790,
http://www.wikidata.org/entity/Q552000,http://example.org/belongs_to,http://www.wikidata.org/entity/Q2527918,
http://www.wikidata.org/entity/Q552000,http://example.org/belongs_to,http://www.wikidata.org/entity/Q2545790,
http://www.wikidata.org/entity/Q552000,http://example.org/belongs_to,http://www.wikidata.org/entity/Q2594763,
http://www.wikidata.org/entity/Q578279,http://example.org/belongs_to,http://www.wikidata.org/entity/Q2295246,
http://www.wikidata.org/entity/Q584585,http://example.org/belongs_to,http://www.wikidata.org/entity/Q2594763,
http://www.wikidata.org/entity/Q638476,http://example.org/belongs_to,http://www.wikidata.org/entity/Q2545790,
http://www.wikidata.org/entity/Q729150,http://example.org/belongs_to,http://www.wikidata.org/entity/Q2527918,
http://www.wikidata.org/entity/Q729150,http://example.org/belongs_to,http://www.wikidata.org/entity/Q2594763,
http://www.wikidata.org/entity/Q740257,http://example.org/belongs_to,http://www.wikidata.org/entity/Q2457162,
http://www.wikidata.org/entity/Q767790,http://example.org/belongs_to,http://www.wikidata.org/entity/Q2295246,
http://www.wikidata.org/entity/Q836748,http://example.org/belongs_to,http://www.wikidata.org/entity/Q2527918,
http://www.wikidata.org/entity/Q841372,http://example.org/belongs_to,http://www.wikidata.org/entity/Q2527918,
http://www.wikidata.org/entity/Q898039,http://example.org/belongs_to,http://www.wikidata.org/entity/Q2545790,
http://www.wikidata.org/entity/Q910204,http://example.org/belongs_to,http://www.wikidata.org/entity/Q2264980,
http://www.wikidata.org/entity/Q910204,http://example.org/belongs_to,http://www.wikidata.org/entity/Q2545790,
http://www.wikidata.org/entity/Q920406,http://example.org/belongs_to,http://www.wikidata.org/entity/Q2295246,
http://www.wikidata.org/entity/Q913359,http://example.org/belongs_to,http://www.wikidata.org/entity/Q2527918,
http://www.wikidata.org/entity/Q944173,http://example.org/belongs_to,http://www.wikidata.org/entity/Q2527918,
http://www.wikidata.org/entity/Q978515,http://example.org/belongs_to,http://www.wikidata.org/entity/Q2594763,
http://www.wikidata.org/entity/Q996154,http://example.org/belongs_to,http://www.wikidata.org/entity/Q2295246,
http://www.wikidata.org/entity/Q1049890,http://example.org/belongs_to,http://www.wikidata.org/entity/Q2457162,
http://www.wikidata.org/entity/Q1194243,http://example.org/belongs_to,http://www.wikidata.org/entity/Q2264980,
http://www.wikidata.org/entity/Q1194236,http://example.org/belongs_to,http://www.wikidata.org/entity/Q2295246,
http://www.wikidata.org/entity/Q1188309,http://example.org/belongs_to,http://www.wikidata.org/entity/Q2594763,
http://www.wikidata.org/entity/Q1194243,http://example.org/belongs_to,http://www.wikidata.org/entity/Q2527918,
http://www.wikidata.org/entity/Q1319784,http://example.org/belongs_to,http://www.wikidata.org/entity/Q2594763,
http://www.wikidata.org/entity/Q1394350,http://example.org/belongs_to,http://www.wikidata.org/entity/Q2527918,
http://www.wikidata.org/entity/Q1602892,http://example.org/belongs_to,http://www.wikidata.org/entity/Q2295246,
http://www.wikidata.org/entity/Q1621261,http://example.org/belongs_to,http://www.wikidata.org/entity/Q2527918,
http://www.wikidata.org/entity/Q1621261,http://example.org/belongs_to,http://www.wikidata.org/entity/Q2545790,
http://www.wikidata.org/entity/Q1621261,http://example.org/belongs_to,http://www.wikidata.org/entity/Q2594763,
http://www.wikidata.org/entity/Q1631090,http://example.org/belongs_to,http://www.wikidata.org/entity/Q2457162,
http://www.wikidata.org/entity/Q1631090,http://example.org/belongs_to,http://www.wikidata.org/entity/Q2527918,
http://www.wikidata.org/entity/Q1841525,http://example.org/belongs_to,http://www.wikidata.org/entity/Q2527918,
http://www.wikidata.org/entity/Q1990090,http://example.org/belongs_to,http://www.wikidata.org/entity/Q2457162,
http://www.wikidata.org/entity/Q1995969,http://example.org/belongs_to,http://www.wikidata.org/entity/Q2295246,
http://www.wikidata.org/entity/Q2015743,http://example.org/belongs_to,http://www.wikidata.org/entity/Q2527918,
http://www.wikidata.org/entity/Q2128793,http://example.org/belongs_to,http://www.wikidata.org/entity/Q2594763,
http://www.wikidata.org/entity/Q2267760,http://example.org/belongs_to,http://www.wikidata.org/entity/Q2264980,
http://www.wikidata.org/entity/Q2271377,http://example.org/belongs_to,http://www.wikidata.org/entity/Q2264980,
http://www.wikidata.org/entity/Q2262357,http://example.org/belongs_to,http://www.wikidata.org/entity/Q2594763,
http://www.wikidata.org/entity/Q2267760,http://example.org/belongs_to,http://www.wikidata.org/entity/Q2527918,
http://www.wikidata.org/entity/Q2267017,http://example.org/belongs_to,http://www.wikidata.org/entity/Q2594763,
http://www.wikidata.org/entity/Q2297886,http://example.org/belongs_to,http://www.wikidata.org/entity/Q2457162,
http://www.wikidata.org/entity/Q2320361,http://example.org/belongs_to,http://www.wikidata.org/entity/Q2295246,
http://www.wikidata.org/entity/Q2405949,http://example.org/belongs_to,http://www.wikidata.org/entity/Q2594763,
http://www.wikidata.org/entity/Q2452573,http://example.org/belongs_to,http://www.wikidata.org/entity/Q2295246,
http://www.wikidata.org/entity/Q2448071,http://example.org/belongs_to,http://www.wikidata.org/entity/Q2527918,
http://www.wikidata.org/entity/Q2532044,http://example.org/belongs_to,http://www.wikidata.org/entity/Q2457162,
http://www.wikidata.org/entity/Q2532044,http://example.org/belongs_to,http://www.wikidata.org/entity/Q2527918,
http://www.wikidata.org/entity/Q2540291,http://example.org/belongs_to,http://www.wikidata.org/entity/Q2531225,
http://www.wikidata.org/entity/Q2624716,http://example.org/belongs_to,http://www.wikidata.org/entity/Q2245206,
http://www.wikidata.org/entity/Q2620643,http://example.org/belongs_to,http://www.wikidata.org/entity/Q2527918,
http://www.wikidata.org/entity/Q2651308,http://example.org/belongs_to,http://www.wikidata.org/entity/Q2295246,
http://www.wikidata.org/entity/Q2660736,http://example.org/belongs_to,http://www.wikidata.org/entity/Q2295246,
http://www.wikidata.org/entity/Q2737568,http://example.org/belongs_to,http://www.wikidata.org/entity/Q2295246,
http://www.wikidata.org/entity/Q2893582,http://example.org/belongs_to,http://www.wikidata.org/entity/Q2295246,
http://www.wikidata.org/entity/Q2917078,http://example.org/belongs_to,http://www.wikidata.org/entity/Q2527918,
http://www.wikidata.org/entity/Q3068232,http://example.org/belongs_to,http://www.wikidata.org/entity/Q2527918,
http://www.wikidata.org/entity/Q3116935,http://example.org/belongs_to,http://www.wikidata.org/entity/Q2545790,
http://www.wikidata.org/entity/Q3453575,http://example.org/belongs_to,http://www.wikidata.org/entity/Q2211423,
http://www.wikidata.org/entity/Q3496918,http://example.org/belongs_to,http://www.wikidata.org/entity/Q2545790,
http://www.wikidata.org/entity/Q3550487,http://example.org/belongs_to,http://www.wikidata.org/entity/Q2454583,
http://www.wikidata.org/entity/Q3550487,http://example.org/belongs_to,http://www.wikidata.org/entity/Q2527918,
http://www.wikidata.org/entity/Q3567749,http://example.org/belongs_to,http://www.wikidata.org/entity/Q2527918,
http://www.wikidata.org/entity/Q3841033,http://example.org/belongs_to,http://www.wikidata.org/entity/Q2457162,
http://www.wikidata.org/entity/Q3846693,http://example.org/belongs_to,http://www.wikidata.org/entity/Q2594763,
http://www.wikidata.org/entity/Q3990968,http://example.org/belongs_to,http://www.wikidata.org/entity/Q2454583,
http://www.wikidata.org/entity/Q3990968,http://example.org/belongs_to,http://www.wikidata.org/entity/Q2457162,
http://www.wikidata.org/entity/Q4010081,http://example.org/belongs_to,http://www.wikidata.org/entity/Q2527918,
http://www.wikidata.org/entity/Q4740770,http://example.org/belongs_to,http://www.wikidata.org/entity/Q2594763,
http://www.wikidata.org/entity/Q4755702,http://example.org/belongs_to,http://www.wikidata.org/entity/Q2527918,
http://www.wikidata.org/entity/Q5350072,http://example.org/belongs_to,http://www.wikidata.org/entity/Q2211423,
http://www.wikidata.org/entity/Q7489452,http://example.org/belongs_to,http://www.wikidata.org/entity/Q2211423,
http://www.wikidata.org/entity/Q3410524,http://example.org/belongs_to,http://www.wikidata.org/entity/Q281762,
http://www.wikidata.org/entity/Q3417053,http://example.org/belongs_to,http://www.wikidata.org/entity/Q281762,
http://www.wikidata.org/entity/Q3481293,http://example.org/belongs_to,http://www.wikidata.org/entity/Q281762,
http://www.wikidata.org/entity/Q3486722,http://example.org/belongs_to,http://www.wikidata.org/entity/Q128452,
http://www.wikidata.org/entity/Q3486874,http://example.org/belongs_to,http://www.wikidata.org/entity/Q281762,
http://www.wikidata.org/entity/Q3514512,http://example.org/belongs_to,http://www.wikidata.org/entity/Q281762,
http://www.wikidata.org/entity/Q3526069,http://example.org/belongs_to,http://www.wikidata.org/entity/Q128452,
http://www.wikidata.org/entity/Q3569302,http://example.org/belongs_to,http://www.wikidata.org/entity/Q281762,
http://www.wikidata.org/entity/Q3569483,http://example.org/belongs_to,http://www.wikidata.org/entity/Q281762,
http://www.wikidata.org/entity/Q3573174,http://example.org/belongs_to,http://www.wikidata.org/entity/Q281762,
http://www.wikidata.org/entity/Q3613591,http://example.org/belongs_to,http://www.wikidata.org/entity/Q128452,
http://www.wikidata.org/entity/Q3640951,http://example.org/belongs_to,http://www.wikidata.org/entity/Q128452,
http://www.wikidata.org/entity/Q3677413,http://example.org/belongs_to,http://www.wikidata.org/entity/Q128452,
http://www.wikidata.org/entity/Q3837487,http://example.org/belongs_to,http://www.wikidata.org/entity/Q128452,
http://www.wikidata.org/entity/Q3859385,http://example.org/belongs_to,http://www.wikidata.org/entity/Q600790,
http://www.wikidata.org/entity/Q3985214,http://example.org/belongs_to,http://www.wikidata.org/entity/Q128452,
http://www.wikidata.org/entity/Q4003146,http://example.org/belongs_to,http://www.wikidata.org/entity/Q128452,
http://www.wikidata.org/entity/Q4003147,http://example.org/belongs_to,http://www.wikidata.org/entity/Q128452,
http://www.wikidata.org/entity/Q4003156,http://example.org/belongs_to,http://www.wikidata.org/entity/Q128452,
http://www.wikidata.org/entity/Q4003183,http://example.org/belongs_to,http://www.wikidata.org/entity/Q128452,
http://www.wikidata.org/entity/Q5342183,http://example.org/belongs_to,http://www.wikidata.org/entity/Q128452,
http://www.wikidata.org/entity/Q5350072,http://example.org/belongs_to,http://www.wikidata.org/entity/Q128452,
http://www.wikidata.org/entity/Q7880273,http://example.org/belongs_to,http://www.wikidata.org/entity/Q128452,
http://www.wikidata.org/entity/Q8347897,http://example.org/belongs_to,http://www.wikidata.org/entity/Q128452,
http://www.wikidata.org/entity/Q10342795,http://example.org/belongs_to,http://www.wikidata.org/entity/Q128452,
http://www.wikidata.org/entity/Q16253333,http://example.org/belongs_to,http://www.wikidata.org/entity/Q128452,
http://www.wikidata.org/entity/Q17090877,http://example.org/belongs_to,http://www.wikidata.org/entity/Q578371,
http://www.wikidata.org/entity/Q21127582,http://example.org/belongs_to,http://www.wikidata.org/entity/Q600790,
http://www.wikidata.org/entity/Q21188808,http://example.org/belongs_to,http://www.wikidata.org/entity/Q128452,
http://www.wikidata.org/entity/Q48777057,http://example.org/belongs_to,http://www.wikidata.org/entity/Q128452,
http://www.wikidata.org/entity/Q48891562,http://example.org/belongs_to,http://www.wikidata.org/entity/Q128452,
http://www.wikidata.org/entity/Q48946153,http://example.org/belongs_to,http://www.wikidata.org/entity/Q128452,
http://www.wikidata.org/entity/Q48947511,http://example.org/belongs_to,http://www.wikidata.org/entity/Q128452,
http://www.wikidata.org/entity/Q48958279,http://example.org/belongs_to,http://www.wikidata.org/entity/Q128452,
http://www.wikidata.org/entity/Q49262738,http://example.org/belongs_to,http://www.wikidata.org/entity/Q128452,
http://www.wikidata.org/entity/Q52413964,http://example.org/belongs_to,http://www.wikidata.org/entity/Q128452,
http://www.wikidata.org/entity/Q95153,http://example.org/belongs_to,http://www.wikidata.org/entity/Q5575969,
http://www.wikidata.org/entity/Q186422,http://example.org/belongs_to,http://www.wikidata.org/entity/Q4354248,
http://www.wikidata.org/entity/Q431862,http://example.org/belongs_to,http://www.wikidata.org/entity/Q4354248,
http://www.wikidata.org/entity/Q534889,http://example.org/belongs_to,http://www.wikidata.org/entity/Q5575969,
http://www.wikidata.org/entity/Q580074,http://example.org/belongs_to,http://www.wikidata.org/entity/Q4354248,
http://www.wikidata.org/entity/Q568267,http://example.org/belongs_to,http://www.wikidata.org/entity/Q5627888,
http://www.wikidata.org/entity/Q601199,http://example.org/belongs_to,http://www.wikidata.org/entity/Q5432231,
http://www.wikidata.org/entity/Q744104,http://example.org/belongs_to,http://www.wikidata.org/entity/Q4045336,
http://www.wikidata.org/entity/Q744104,http://example.org/belongs_to,http://www.wikidata.org/entity/Q4897256,
http://www.wikidata.org/entity/Q748726,http://example.org/belongs_to,http://www.wikidata.org/entity/Q5432231,
http://www.wikidata.org/entity/Q973050,http://example.org/belongs_to,http://www.wikidata.org/entity/Q5036576,
http://www.wikidata.org/entity/Q1041907,http://example.org/belongs_to,http://www.wikidata.org/entity/Q5491138,
http://www.wikidata.org/entity/Q1051167,http://example.org/belongs_to,http://www.wikidata.org/entity/Q5491138,
http://www.wikidata.org/entity/Q1131724,http://example.org/belongs_to,http://www.wikidata.org/entity/Q5491138,
http://www.wikidata.org/entity/Q1168830,http://example.org/belongs_to,http://www.wikidata.org/entity/Q5432231,
http://www.wikidata.org/entity/Q1410619,http://example.org/belongs_to,http://www.wikidata.org/entity/Q4897256,
http://www.wikidata.org/entity/Q1429836,http://example.org/belongs_to,http://www.wikidata.org/entity/Q5575969,
http://www.wikidata.org/entity/Q1648739,http://example.org/belongs_to,http://www.wikidata.org/entity/Q4023064,
http://www.wikidata.org/entity/Q2071805,http://example.org/belongs_to,http://www.wikidata.org/entity/Q4732448,
http://www.wikidata.org/entity/Q2186500,http://example.org/belongs_to,http://www.wikidata.org/entity/Q4646930,
http://www.wikidata.org/entity/Q2267017,http://example.org/belongs_to,http://www.wikidata.org/entity/Q5125501,
http://www.wikidata.org/entity/Q2400241,http://example.org/belongs_to,http://www.wikidata.org/entity/Q4354248,
http://www.wikidata.org/entity/Q2366159,http://example.org/belongs_to,http://www.wikidata.org/entity/Q5432231,
http://www.wikidata.org/entity/Q2405949,http://example.org/belongs_to,http://www.wikidata.org/entity/Q5036576,
http://www.wikidata.org/entity/Q3012120,http://example.org/belongs_to,http://www.wikidata.org/entity/Q4045336,
http://www.wikidata.org/entity/Q3012120,http://example.org/belongs_to,http://www.wikidata.org/entity/Q5575969,
http://www.wikidata.org/entity/Q3116935,http://example.org/belongs_to,http://www.wikidata.org/entity/Q4045336,
http://www.wikidata.org/entity/Q3098468,http://example.org/belongs_to,http://www.wikidata.org/entity/Q5125501,
http://www.wikidata.org/entity/Q3108790,http://example.org/belongs_to,http://www.wikidata.org/entity/Q5432231,
http://www.wikidata.org/entity/Q3127430,http://example.org/belongs_to,http://www.wikidata.org/entity/Q5575969,
http://www.wikidata.org/entity/Q3240860,http://example.org/belongs_to,http://www.wikidata.org/entity/Q4045336,
http://www.wikidata.org/entity/Q3514512,http://example.org/belongs_to,http://www.wikidata.org/entity/Q4897256,
http://www.wikidata.org/entity/Q5532787,http://example.org/belongs_to,http://www.wikidata.org/entity/Q5125501,
http://www.wikidata.org/entity/Q6107569,http://example.org/belongs_to,http://www.wikidata.org/entity/Q4646930,
http://www.wikidata.org/entity/Q17090877,http://example.org/belongs_to,http://www.wikidata.org/entity/Q5627888,
http://www.wikidata.org/entity/Q20657244,http://example.org/belongs_to,http://www.wikidata.org/entity/Q4646930,
http://www.wikidata.org/entity/Q60002,http://example.org/belongs_to,http://www.wikidata.org/entity/Q609250,
http://www.wikidata.org/entity/Q81787,http://example.org/belongs_to,http://www.wikidata.org/entity/Q609250,
http://www.wikidata.org/entity/Q95153,http://example.org/belongs_to,http://www.wikidata.org/entity/Q609250,
http://www.wikidata.org/entity/Q186422,http://example.org/belongs_to,http://www.wikidata.org/entity/Q281762,
http://www.wikidata.org/entity/Q188760,http://example.org/belongs_to,http://www.wikidata.org/entity/Q609250,
http://www.wikidata.org/entity/Q251321,http://example.org/belongs_to,http://www.wikidata.org/entity/Q281762,
http://www.wikidata.org/entity/Q302534,http://example.org/belongs_to,http://www.wikidata.org/entity/Q302643,
http://www.wikidata.org/entity/Q302186,http://example.org/belongs_to,http://www.wikidata.org/entity/Q609250,
http://www.wikidata.org/entity/Q327553,http://example.org/belongs_to,http://www.wikidata.org/entity/Q609250,
http://www.wikidata.org/entity/Q369197,http://example.org/belongs_to,http://www.wikidata.org/entity/Q605093,
http://www.wikidata.org/entity/Q388316,http://example.org/belongs_to,http://www.wikidata.org/entity/Q578371,
http://www.wikidata.org/entity/Q491609,http://example.org/belongs_to,http://www.wikidata.org/entity/Q578371,
http://www.wikidata.org/entity/Q534889,http://example.org/belongs_to,http://www.wikidata.org/entity/Q605093,
http://www.wikidata.org/entity/Q572626,http://example.org/belongs_to,http://www.wikidata.org/entity/Q609250,
http://www.wikidata.org/entity/Q613067,http://example.org/belongs_to,http://www.wikidata.org/entity/Q609250,
http://www.wikidata.org/entity/Q616633,http://example.org/belongs_to,http://www.wikidata.org/entity/Q609250,
http://www.wikidata.org/entity/Q641682,http://example.org/belongs_to,http://www.wikidata.org/entity/Q281762,
http://www.wikidata.org/entity/Q677627,http://example.org/belongs_to,http://www.wikidata.org/entity/Q600790,
http://www.wikidata.org/entity/Q677627,http://example.org/belongs_to,http://www.wikidata.org/entity/Q609250,
http://www.wikidata.org/entity/Q729150,http://example.org/belongs_to,http://www.wikidata.org/entity/Q600790,
http://www.wikidata.org/entity/Q729150,http://example.org/belongs_to,http://www.wikidata.org/entity/Q609250,
http://www.wikidata.org/entity/Q744104,http://example.org/belongs_to,http://www.wikidata.org/entity/Q281762,
http://www.wikidata.org/entity/Q770064,http://example.org/belongs_to,http://www.wikidata.org/entity/Q605093,
http://www.wikidata.org/entity/Q770064,http://example.org/belongs_to,http://www.wikidata.org/entity/Q609250,
http://www.wikidata.org/entity/Q836748,http://example.org/belongs_to,http://www.wikidata.org/entity/Q600790,
http://www.wikidata.org/entity/Q836748,http://example.org/belongs_to,http://www.wikidata.org/entity/Q605093,
http://www.wikidata.org/entity/Q836748,http://example.org/belongs_to,http://www.wikidata.org/entity/Q609250,
http://www.wikidata.org/entity/Q838088,http://example.org/belongs_to,http://www.wikidata.org/entity/Q605093,
http://www.wikidata.org/entity/Q838088,http://example.org/belongs_to,http://www.wikidata.org/entity/Q609250,
http://www.wikidata.org/entity/Q849486,http://example.org/belongs_to,http://www.wikidata.org/entity/Q609250,
http://www.wikidata.org/entity/Q912640,http://example.org/belongs_to,http://www.wikidata.org/entity/Q600790,
http://www.wikidata.org/entity/Q912640,http://example.org/belongs_to,http://www.wikidata.org/entity/Q609250,
http://www.wikidata.org/entity/Q913359,http://example.org/belongs_to,http://www.wikidata.org/entity/Q600790,
http://www.wikidata.org/entity/Q998220,http://example.org/belongs_to,http://www.wikidata.org/entity/Q609250,
http://www.wikidata.org/entity/Q1041907,http://example.org/belongs_to,http://www.wikidata.org/entity/Q609250,
http://www.wikidata.org/entity/Q1048542,http://example.org/belongs_to,http://www.wikidata.org/entity/Q609250,
http://www.wikidata.org/entity/Q1051167,http://example.org/belongs_to,http://www.wikidata.org/entity/Q609250,
http://www.wikidata.org/entity/Q1194243,http://example.org/belongs_to,http://www.wikidata.org/entity/Q600790,
http://www.wikidata.org/entity/Q1194243,http://example.org/belongs_to,http://www.wikidata.org/entity/Q609250,
http://www.wikidata.org/entity/Q1394350,http://example.org/belongs_to,http://www.wikidata.org/entity/Q578371,
http://www.wikidata.org/entity/Q1410619,http://example.org/belongs_to,http://www.wikidata.org/entity/Q281762,
http://www.wikidata.org/entity/Q1621261,http://example.org/belongs_to,http://www.wikidata.org/entity/Q578371,
http://www.wikidata.org/entity/Q1631090,http://example.org/belongs_to,http://www.wikidata.org/entity/Q600790,
http://www.wikidata.org/entity/Q1761233,http://example.org/belongs_to,http://www.wikidata.org/entity/Q600790,
http://www.wikidata.org/entity/Q1877130,http://example.org/belongs_to,http://www.wikidata.org/entity/Q600790,
http://www.wikidata.org/entity/Q2262357,http://example.org/belongs_to,http://www.wikidata.org/entity/Q600790,
http://www.wikidata.org/entity/Q2267760,http://example.org/belongs_to,http://www.wikidata.org/entity/Q600790,
http://www.wikidata.org/entity/Q2295556,http://example.org/belongs_to,http://www.wikidata.org/entity/Q281762,
http://www.wikidata.org/entity/Q2296621,http://example.org/belongs_to,http://www.wikidata.org/entity/Q605093,
http://www.wikidata.org/entity/Q2539056,http://example.org/belongs_to,http://www.wikidata.org/entity/Q600790,
http://www.wikidata.org/entity/Q2597584,http://example.org/belongs_to,http://www.wikidata.org/entity/Q281762,
http://www.wikidata.org/entity/Q2663986,http://example.org/belongs_to,http://www.wikidata.org/entity/Q281762,
http://www.wikidata.org/entity/Q2658347,http://example.org/belongs_to,http://www.wikidata.org/entity/Q578371,
http://www.wikidata.org/entity/Q2735518,http://example.org/belongs_to,http://www.wikidata.org/entity/Q281762,
http://www.wikidata.org/entity/Q2917078,http://example.org/belongs_to,http://www.wikidata.org/entity/Q578371,
http://www.wikidata.org/entity/Q3046465,http://example.org/belongs_to,http://www.wikidata.org/entity/Q281762,
http://www.wikidata.org/entity/Q3073668,http://example.org/belongs_to,http://www.wikidata.org/entity/Q281762,
http://www.wikidata.org/entity/Q3127430,http://example.org/belongs_to,http://www.wikidata.org/entity/Q281762,
http://www.wikidata.org/entity/Q3276805,http://example.org/belongs_to,http://www.wikidata.org/entity/Q128452,
http://www.wikidata.org/entity/Q3276124,http://example.org/belongs_to,http://www.wikidata.org/entity/Q281762,
http://www.wikidata.org/entity/Q3285294,http://example.org/belongs_to,http://www.wikidata.org/entity/Q281762,
http://www.wikidata.org/entity/Q3298246,http://example.org/belongs_to,http://www.wikidata.org/entity/Q128452,
http://www.wikidata.org/entity/Q3328161,http://example.org/belongs_to,http://www.wikidata.org/entity/Q281762,
http://www.wikidata.org/entity/Q3376105,http://example.org/belongs_to,http://www.wikidata.org/entity/Q281762,
http://www.wikidata.org/entity/Q60002,http://example.org/belongs_to,http://www.wikidata.org/entity/Q2603976,
http://www.wikidata.org/entity/Q59665,http://example.org/belongs_to,http://www.wikidata.org/entity/Q2731643,
http://www.wikidata.org/entity/Q60002,http://example.org/belongs_to,http://www.wikidata.org/entity/Q2734743,
http://www.wikidata.org/entity/Q186422,http://example.org/belongs_to,http://www.wikidata.org/entity/Q2690825,
http://www.wikidata.org/entity/Q258015,http://example.org/belongs_to,http://www.wikidata.org/entity/Q2603976,
http://www.wikidata.org/entity/Q369805,http://example.org/belongs_to,http://www.wikidata.org/entity/Q3367070,
http://www.wikidata.org/entity/Q430178,http://example.org/belongs_to,http://www.wikidata.org/entity/Q3153015,
http://www.wikidata.org/entity/Q547306,http://example.org/belongs_to,http://www.wikidata.org/entity/Q2603976,
http://www.wikidata.org/entity/Q578279,http://example.org/belongs_to,http://www.wikidata.org/entity/Q2731643,
http://www.wikidata.org/entity/Q568267,http://example.org/belongs_to,http://www.wikidata.org/entity/Q3057980,
http://www.wikidata.org/entity/Q577086,http://example.org/belongs_to,http://www.wikidata.org/entity/Q3057980,
http://www.wikidata.org/entity/Q601199,http://example.org/belongs_to,http://www.wikidata.org/entity/Q3088476,
http://www.wikidata.org/entity/Q602575,http://example.org/belongs_to,http://www.wikidata.org/entity/Q3367070,
http://www.wikidata.org/entity/Q616633,http://example.org/belongs_to,http://www.wikidata.org/entity/Q3153015,
http://www.wikidata.org/entity/Q734932,http://example.org/belongs_to,http://www.wikidata.org/entity/Q3072235,
http://www.wikidata.org/entity/Q748726,http://example.org/belongs_to,http://www.wikidata.org/entity/Q3339210,
http://www.wikidata.org/entity/Q770064,http://example.org/belongs_to,http://www.wikidata.org/entity/Q2690825,
http://www.wikidata.org/entity/Q767790,http://example.org/belongs_to,http://www.wikidata.org/entity/Q3088476,
http://www.wikidata.org/entity/Q837133,http://example.org/belongs_to,http://www.wikidata.org/entity/Q2603976,
http://www.wikidata.org/entity/Q840291,http://example.org/belongs_to,http://www.wikidata.org/entity/Q2603976,
http://www.wikidata.org/entity/Q841372,http://example.org/belongs_to,http://www.wikidata.org/entity/Q2603976,
http://www.wikidata.org/entity/Q840291,http://example.org/belongs_to,http://www.wikidata.org/entity/Q2734743,
http://www.wikidata.org/entity/Q836748,http://example.org/belongs_to,http://www.wikidata.org/entity/Q3072235,
http://www.wikidata.org/entity/Q841372,http://example.org/belongs_to,http://www.wikidata.org/entity/Q3061900,
http://www.wikidata.org/entity/Q857541,http://example.org/belongs_to,http://www.wikidata.org/entity/Q2603976,
http://www.wikidata.org/entity/Q881024,http://example.org/belongs_to,http://www.wikidata.org/entity/Q3072235,
http://www.wikidata.org/entity/Q898201,http://example.org/belongs_to,http://www.wikidata.org/entity/Q2902250,
http://www.wikidata.org/entity/Q929273,http://example.org/belongs_to,http://www.wikidata.org/entity/Q2734743,
http://www.wikidata.org/entity/Q929273,http://example.org/belongs_to,http://www.wikidata.org/entity/Q2822366,
http://www.wikidata.org/entity/Q973050,http://example.org/belongs_to,http://www.wikidata.org/entity/Q2603976,
http://www.wikidata.org/entity/Q977088,http://example.org/belongs_to,http://www.wikidata.org/entity/Q2690825,
http://www.wikidata.org/entity/Q977088,http://example.org/belongs_to,http://www.wikidata.org/entity/Q2902250,
http://www.wikidata.org/entity/Q996154,http://example.org/belongs_to,http://www.wikidata.org/entity/Q2603976,
http://www.wikidata.org/entity/Q1041907,http://example.org/belongs_to,http://www.wikidata.org/entity/Q3236892,
http://www.wikidata.org/entity/Q1087722,http://example.org/belongs_to,http://www.wikidata.org/entity/Q3072235,
http://www.wikidata.org/entity/Q1194236,http://example.org/belongs_to,http://www.wikidata.org/entity/Q3088476,
http://www.wikidata.org/entity/Q1406012,http://example.org/belongs_to,http://www.wikidata.org/entity/Q3100467,
http://www.wikidata.org/entity/Q1631090,http://example.org/belongs_to,http://www.wikidata.org/entity/Q3236029,
http://www.wikidata.org/entity/Q1771294,http://example.org/belongs_to,http://www.wikidata.org/entity/Q2731643,
http://www.wikidata.org/entity/Q1771401,http://example.org/belongs_to,http://www.wikidata.org/entity/Q2734743,
http://www.wikidata.org/entity/Q1911253,http://example.org/belongs_to,http://www.wikidata.org/entity/Q2603976,
http://www.wikidata.org/entity/Q2000166,http://example.org/belongs_to,http://www.wikidata.org/entity/Q2731643,
http://www.wikidata.org/entity/Q2071256,http://example.org/belongs_to,http://www.wikidata.org/entity/Q2734743,
http://www.wikidata.org/entity/Q2186500,http://example.org/belongs_to,http://www.wikidata.org/entity/Q2731643,
http://www.wikidata.org/entity/Q2196544,http://example.org/belongs_to,http://www.wikidata.org/entity/Q2603976,
http://www.wikidata.org/entity/Q2258275,http://example.org/belongs_to,http://www.wikidata.org/entity/Q2603976,
http://www.wikidata.org/entity/Q2265782,http://example.org/belongs_to,http://www.wikidata.org/entity/Q2734743,
http://www.wikidata.org/entity/Q2265799,http://example.org/belongs_to,http://www.wikidata.org/entity/Q3088476,
http://www.wikidata.org/entity/Q2278480,http://example.org/belongs_to,http://www.wikidata.org/entity/Q2731643,
http://www.wikidata.org/entity/Q2297765,http://example.org/belongs_to,http://www.wikidata.org/entity/Q3021132,
http://www.wikidata.org/entity/Q2297765,http://example.org/belongs_to,http://www.wikidata.org/entity/Q3236892,
http://www.wikidata.org/entity/Q2343504,http://example.org/belongs_to,http://www.wikidata.org/entity/Q2731643,
http://www.wikidata.org/entity/Q2361279,http://example.org/belongs_to,http://www.wikidata.org/entity/Q2603976,
http://www.wikidata.org/entity/Q2405949,http://example.org/belongs_to,http://www.wikidata.org/entity/Q2603976,
http://www.wikidata.org/entity/Q2448071,http://example.org/belongs_to,http://www.wikidata.org/entity/Q2915630,
http://www.wikidata.org/entity/Q2532716,http://example.org/belongs_to,http://www.wikidata.org/entity/Q2731643,
http://www.wikidata.org/entity/Q2539056,http://example.org/belongs_to,http://www.wikidata.org/entity/Q2603976,
http://www.wikidata.org/entity/Q2532716,http://example.org/belongs_to,http://www.wikidata.org/entity/Q2822366,
http://www.wikidata.org/entity/Q2539039,http://example.org/belongs_to,http://www.wikidata.org/entity/Q2731643,
http://www.wikidata.org/entity/Q2539373,http://example.org/belongs_to,http://www.wikidata.org/entity/Q3057681,
http://www.wikidata.org/entity/Q2540291,http://example.org/belongs_to,http://www.wikidata.org/entity/Q3190215,
http://www.wikidata.org/entity/Q2560424,http://example.org/belongs_to,http://www.wikidata.org/entity/Q3234440,
http://www.wikidata.org/entity/Q2584217,http://example.org/belongs_to,http://www.wikidata.org/entity/Q2603976,
http://www.wikidata.org/entity/Q2624756,http://example.org/belongs_to,http://www.wikidata.org/entity/Q2690825,
http://www.wikidata.org/entity/Q2639150,http://example.org/belongs_to,http://www.wikidata.org/entity/Q2690825,
http://www.wikidata.org/entity/Q2723286,http://example.org/belongs_to,http://www.wikidata.org/entity/Q2603976,
http://www.wikidata.org/entity/Q2723601,http://example.org/belongs_to,http://www.wikidata.org/entity/Q2603976,
http://www.wikidata.org/entity/Q2741605,http://example.org/belongs_to,http://www.wikidata.org/entity/Q2915630,
http://www.wikidata.org/entity/Q2737568,http://example.org/belongs_to,http://www.wikidata.org/entity/Q3088476,
http://www.wikidata.org/entity/Q2842673,http://example.org/belongs_to,http://www.wikidata.org/entity/Q2734743,
http://www.wikidata.org/entity/Q3020765,http://example.org/belongs_to,http://www.wikidata.org/entity/Q2690825,
http://www.wikidata.org/entity/Q3012120,http://example.org/belongs_to,http://www.wikidata.org/entity/Q3072235,
http://www.wikidata.org/entity/Q3011263,http://example.org/belongs_to,http://www.wikidata.org/entity/Q3234440,
http://www.wikidata.org/entity/Q3108790,http://example.org/belongs_to,http://www.wikidata.org/entity/Q2603976,
http://www.wikidata.org/entity/Q3109652,http://example.org/belongs_to,http://www.wikidata.org/entity/Q2690825,
http://www.wikidata.org/entity/Q3150540,http://example.org/belongs_to,http://www.wikidata.org/entity/Q3057681,
http://www.wikidata.org/entity/Q3257589,http://example.org/belongs_to,http://www.wikidata.org/entity/Q3057681,
http://www.wikidata.org/entity/Q3298246,http://example.org/belongs_to,http://www.wikidata.org/entity/Q3234440,
http://www.wikidata.org/entity/Q3453575,http://example.org/belongs_to,http://www.wikidata.org/entity/Q2734743,
http://www.wikidata.org/entity/Q3453575,http://example.org/belongs_to,http://www.wikidata.org/entity/Q3088476,
http://www.wikidata.org/entity/Q3545629,http://example.org/belongs_to,http://www.wikidata.org/entity/Q2690825,
http://www.wikidata.org/entity/Q3545878,http://example.org/belongs_to,http://www.wikidata.org/entity/Q2915630,
http://www.wikidata.org/entity/Q3567749,http://example.org/belongs_to,http://www.wikidata.org/entity/Q3236892,
http://www.wikidata.org/entity/Q3613591,http://example.org/belongs_to,http://www.wikidata.org/entity/Q2603976,
http://www.wikidata.org/entity/Q3990968,http://example.org/belongs_to,http://www.wikidata.org/entity/Q3236892,
http://www.wikidata.org/entity/Q4020650,http://example.org/belongs_to,http://www.wikidata.org/entity/Q3234440,
http://www.wikidata.org/entity/Q4353353,http://example.org/belongs_to,http://www.wikidata.org/entity/Q3236029,
http://www.wikidata.org/entity/Q5223578,http://example.org/belongs_to,http://www.wikidata.org/entity/Q2731643,
http://www.wikidata.org/entity/Q5342183,http://example.org/belongs_to,http://www.wikidata.org/entity/Q2603976,
http://www.wikidata.org/entity/Q5557137,http://example.org/belongs_to,http://www.wikidata.org/entity/Q3072235,
http://www.wikidata.org/entity/Q7000699,http://example.org/belongs_to,http://www.wikidata.org/entity/Q3057681,
http://www.wikidata.org/entity/Q7053134,http://example.org/belongs_to,http://www.wikidata.org/entity/Q2731643,
http://www.wikidata.org/entity/Q7242414,http://example.org/belongs_to,http://www.wikidata.org/entity/Q3234440,
http://www.wikidata.org/entity/Q7375849,http://example.org/belongs_to,http://www.wikidata.org/entity/Q3057681,
http://www.wikidata.org/entity/Q9303509,http://example.org/belongs_to,http://www.wikidata.org/entity/Q3234440,
http://www.wikidata.org/entity/Q12964986,http://example.org/belongs_to,http://www.wikidata.org/entity/Q3061900,
http://www.wikidata.org/entity/Q16996128,http://example.org/belongs_to,http://www.wikidata.org/entity/Q2731643,
http://www.wikidata.org/entity/Q16995485,http://example.org/belongs_to,http://www.wikidata.org/entity/Q2902250,
http://www.wikidata.org/entity/Q24034722,http://example.org/belongs_to,http://www.wikidata.org/entity/Q3072235,
http://www.wikidata.org/entity/Q27950273,http://example.org/belongs_to,http://www.wikidata.org/entity/Q3057681,
http://www.wikidata.org/entity/Q568267,http://example.org/belongs_to,http://www.wikidata.org/entity/Q3488248,
http://www.wikidata.org/entity/Q975100,http://example.org/belongs_to,http://www.wikidata.org/entity/Q3477235,
http://www.wikidata.org/entity/Q2420335,http://example.org/belongs_to,http://www.wikidata.org/entity/Q3367070,
http://www.wikidata.org/entity/Q3115851,http://example.org/belongs_to,http://www.wikidata.org/entity/Q3367070,
http://www.wikidata.org/entity/Q3538579,http://example.org/belongs_to,http://www.wikidata.org/entity/Q3367070,
http://www.wikidata.org/entity/Q4755702,http://example.org/belongs_to,http://www.wikidata.org/entity/Q3367070,
http://www.wikidata.org/entity/Q6788002,http://example.org/belongs_to,http://www.wikidata.org/entity/Q3367070,
http://www.wikidata.org/entity/Q54833756,http://example.org/belongs_to,http://www.wikidata.org/entity/Q3367070,
http://www.wikidata.org/entity/Q59644,http://example.org/belongs_to,http://www.wikidata.org/entity/Q938034,
http://www.wikidata.org/entity/Q60002,http://example.org/belongs_to,http://www.wikidata.org/entity/Q938034,
http://www.wikidata.org/entity/Q59644,http://example.org/belongs_to,http://www.wikidata.org/entity/Q1047918,
http://www.wikidata.org/entity/Q186422,http://example.org/belongs_to,http://www.wikidata.org/entity/Q938034,
http://www.wikidata.org/entity/Q369197,http://example.org/belongs_to,http://www.wikidata.org/entity/Q691510,
http://www.wikidata.org/entity/Q432272,http://example.org/belongs_to,http://www.wikidata.org/entity/Q632771,
http://www.wikidata.org/entity/Q510450,http://example.org/belongs_to,http://www.wikidata.org/entity/Q691510,
http://www.wikidata.org/entity/Q547306,http://example.org/belongs_to,http://www.wikidata.org/entity/Q1047918,
http://www.wikidata.org/entity/Q587036,http://example.org/belongs_to,http://www.wikidata.org/entity/Q691510,
http://www.wikidata.org/entity/Q601199,http://example.org/belongs_to,http://www.wikidata.org/entity/Q938034,
http://www.wikidata.org/entity/Q601199,http://example.org/belongs_to,http://www.wikidata.org/entity/Q1047918,
http://www.wikidata.org/entity/Q613067,http://example.org/belongs_to,http://www.wikidata.org/entity/Q734854,
http://www.wikidata.org/entity/Q632212,http://example.org/belongs_to,http://www.wikidata.org/entity/Q927511,
http://www.wikidata.org/entity/Q653308,http://example.org/belongs_to,http://www.wikidata.org/entity/Q1047918,
http://www.wikidata.org/entity/Q677627,http://example.org/belongs_to,http://www.wikidata.org/entity/Q691510,
http://www.wikidata.org/entity/Q722277,http://example.org/belongs_to,http://www.wikidata.org/entity/Q927511,
http://www.wikidata.org/entity/Q736844,http://example.org/belongs_to,http://www.wikidata.org/entity/Q1047918,
http://www.wikidata.org/entity/Q744104,http://example.org/belongs_to,http://www.wikidata.org/entity/Q836745,
http://www.wikidata.org/entity/Q748726,http://example.org/belongs_to,http://www.wikidata.org/entity/Q938034,
http://www.wikidata.org/entity/Q767453,http://example.org/belongs_to,http://www.wikidata.org/entity/Q632771,
http://www.wikidata.org/entity/Q767790,http://example.org/belongs_to,http://www.wikidata.org/entity/Q938034,
http://www.wikidata.org/entity/Q770064,http://example.org/belongs_to,http://www.wikidata.org/entity/Q938034,
http://www.wikidata.org/entity/Q865017,http://example.org/belongs_to,http://www.wikidata.org/entity/Q632771,
http://www.wikidata.org/entity/Q857541,http://example.org/belongs_to,http://www.wikidata.org/entity/Q927511,
http://www.wikidata.org/entity/Q857921,http://example.org/belongs_to,http://www.wikidata.org/entity/Q938034,
http://www.wikidata.org/entity/Q910204,http://example.org/belongs_to,http://www.wikidata.org/entity/Q721192,
http://www.wikidata.org/entity/Q920406,http://example.org/belongs_to,http://www.wikidata.org/entity/Q938034,
http://www.wikidata.org/entity/Q973050,http://example.org/belongs_to,http://www.wikidata.org/entity/Q938034,
http://www.wikidata.org/entity/Q998220,http://example.org/belongs_to,http://www.wikidata.org/entity/Q632771,
http://www.wikidata.org/entity/Q996154,http://example.org/belongs_to,http://www.wikidata.org/entity/Q938034,
http://www.wikidata.org/entity/Q1041907,http://example.org/belongs_to,http://www.wikidata.org/entity/Q834597,
http://www.wikidata.org/entity/Q1051167,http://example.org/belongs_to,http://www.wikidata.org/entity/Q691510,
http://www.wikidata.org/entity/Q1050089,http://example.org/belongs_to,http://www.wikidata.org/entity/Q834240,
http://www.wikidata.org/entity/Q1168830,http://example.org/belongs_to,http://www.wikidata.org/entity/Q938034,
http://www.wikidata.org/entity/Q1194236,http://example.org/belongs_to,http://www.wikidata.org/entity/Q938034,
http://www.wikidata.org/entity/Q1402575,http://example.org/belongs_to,http://www.wikidata.org/entity/Q897867,
http://www.wikidata.org/entity/Q1406012,http://example.org/belongs_to,http://www.wikidata.org/entity/Q927511,
http://www.wikidata.org/entity/Q1410619,http://example.org/belongs_to,http://www.wikidata.org/entity/Q836745,
http://www.wikidata.org/entity/Q1447287,http://example.org/belongs_to,http://www.wikidata.org/entity/Q897867,
http://www.wikidata.org/entity/Q1631090,http://example.org/belongs_to,http://www.wikidata.org/entity/Q609250,
http://www.wikidata.org/entity/Q1631090,http://example.org/belongs_to,http://www.wikidata.org/entity/Q938034,
http://www.wikidata.org/entity/Q1771294,http://example.org/belongs_to,http://www.wikidata.org/entity/Q927511,
http://www.wikidata.org/entity/Q1841525,http://example.org/belongs_to,http://www.wikidata.org/entity/Q609250,
http://www.wikidata.org/entity/Q1872439,http://example.org/belongs_to,http://www.wikidata.org/entity/Q938034,
http://www.wikidata.org/entity/Q2071256,http://example.org/belongs_to,http://www.wikidata.org/entity/Q609250,
http://www.wikidata.org/entity/Q2071805,http://example.org/belongs_to,http://www.wikidata.org/entity/Q775335,
http://www.wikidata.org/entity/Q2128793,http://example.org/belongs_to,http://www.wikidata.org/entity/Q609250,
http://www.wikidata.org/entity/Q2198161,http://example.org/belongs_to,http://www.wikidata.org/entity/Q927511,
http://www.wikidata.org/entity/Q2267760,http://example.org/belongs_to,http://www.wikidata.org/entity/Q609250,
http://www.wikidata.org/entity/Q2265799,http://example.org/belongs_to,http://www.wikidata.org/entity/Q775335,
http://www.wikidata.org/entity/Q2271377,http://example.org/belongs_to,http://www.wikidata.org/entity/Q609250,
http://www.wikidata.org/entity/Q2267017,http://example.org/belongs_to,http://www.wikidata.org/entity/Q938034,
http://www.wikidata.org/entity/Q2275950,http://example.org/belongs_to,http://www.wikidata.org/entity/Q938034,
http://www.wikidata.org/entity/Q2297765,http://example.org/belongs_to,http://www.wikidata.org/entity/Q609250,
http://www.wikidata.org/entity/Q2307071,http://example.org/belongs_to,http://www.wikidata.org/entity/Q609250,
http://www.wikidata.org/entity/Q2366159,http://example.org/belongs_to,http://www.wikidata.org/entity/Q938034,
http://www.wikidata.org/entity/Q2404595,http://example.org/belongs_to,http://www.wikidata.org/entity/Q609250,
http://www.wikidata.org/entity/Q2405949,http://example.org/belongs_to,http://www.wikidata.org/entity/Q632771,
http://www.wikidata.org/entity/Q2398372,http://example.org/belongs_to,http://www.wikidata.org/entity/Q938034,
http://www.wikidata.org/entity/Q2420331,http://example.org/belongs_to,http://www.wikidata.org/entity/Q834240,
http://www.wikidata.org/entity/Q2452573,http://example.org/belongs_to,http://www.wikidata.org/entity/Q938034,
http://www.wikidata.org/entity/Q2532716,http://example.org/belongs_to,http://www.wikidata.org/entity/Q691510,
http://www.wikidata.org/entity/Q2532716,http://example.org/belongs_to,http://www.wikidata.org/entity/Q721192,
http://www.wikidata.org/entity/Q2539056,http://example.org/belongs_to,http://www.wikidata.org/entity/Q609250,
http://www.wikidata.org/entity/Q2540291,http://example.org/belongs_to,http://www.wikidata.org/entity/Q609250,
http://www.wikidata.org/entity/Q2540291,http://example.org/belongs_to,http://www.wikidata.org/entity/Q721192,
http://www.wikidata.org/entity/Q2540291,http://example.org/belongs_to,http://www.wikidata.org/entity/Q834597,
http://www.wikidata.org/entity/Q2540291,http://example.org/belongs_to,http://www.wikidata.org/entity/Q836745,
http://www.wikidata.org/entity/Q2539413,http://example.org/belongs_to,http://www.wikidata.org/entity/Q938034,
http://www.wikidata.org/entity/Q2604715,http://example.org/belongs_to,http://www.wikidata.org/entity/Q609250,
http://www.wikidata.org/entity/Q2597584,http://example.org/belongs_to,http://www.wikidata.org/entity/Q836745,
http://www.wikidata.org/entity/Q2624726,http://example.org/belongs_to,http://www.wikidata.org/entity/Q632771,
http://www.wikidata.org/entity/Q2624756,http://example.org/belongs_to,http://www.wikidata.org/entity/Q927511,
http://www.wikidata.org/entity/Q2624756,http://example.org/belongs_to,http://www.wikidata.org/entity/Q938034,
http://www.wikidata.org/entity/Q2679732,http://example.org/belongs_to,http://www.wikidata.org/entity/Q927511,
http://www.wikidata.org/entity/Q2723286,http://example.org/belongs_to,http://www.wikidata.org/entity/Q927511,
http://www.wikidata.org/entity/Q2737568,http://example.org/belongs_to,http://www.wikidata.org/entity/Q927511,
http://www.wikidata.org/entity/Q2737568,http://example.org/belongs_to,http://www.wikidata.org/entity/Q938034,
http://www.wikidata.org/entity/Q2893582,http://example.org/belongs_to,http://www.wikidata.org/entity/Q938034,
http://www.wikidata.org/entity/Q2916404,http://example.org/belongs_to,http://www.wikidata.org/entity/Q938034,
http://www.wikidata.org/entity/Q3012120,http://example.org/belongs_to,http://www.wikidata.org/entity/Q609250,
http://www.wikidata.org/entity/Q3514512,http://example.org/belongs_to,http://www.wikidata.org/entity/Q836745,
http://www.wikidata.org/entity/Q3525849,http://example.org/belongs_to,http://www.wikidata.org/entity/Q927511,
http://www.wikidata.org/entity/Q3545581,http://example.org/belongs_to,http://www.wikidata.org/entity/Q734854,
http://www.wikidata.org/entity/Q3968689,http://example.org/belongs_to,http://www.wikidata.org/entity/Q897867,
http://www.wikidata.org/entity/Q3990968,http://example.org/belongs_to,http://www.wikidata.org/entity/Q691510,
http://www.wikidata.org/entity/Q4762131,http://example.org/belongs_to,http://www.wikidata.org/entity/Q927511,
http://www.wikidata.org/entity/Q5532787,http://example.org/belongs_to,http://www.wikidata.org/entity/Q775335,
http://www.wikidata.org/entity/Q5557137,http://example.org/belongs_to,http://www.wikidata.org/entity/Q609250,
http://www.wikidata.org/entity/Q6907921,http://example.org/belongs_to,http://www.wikidata.org/entity/Q834597,
http://www.wikidata.org/entity/Q7861585,http://example.org/belongs_to,http://www.wikidata.org/entity/Q969938,
http://www.wikidata.org/entity/Q7880226,http://example.org/belongs_to,http://www.wikidata.org/entity/Q969938,
http://www.wikidata.org/entity/Q8068621,http://example.org/belongs_to,http://www.wikidata.org/entity/Q938034,
http://www.wikidata.org/entity/Q14473271,http://example.org/belongs_to,http://www.wikidata.org/entity/Q927511,
http://www.wikidata.org/entity/Q17014795,http://example.org/belongs_to,http://www.wikidata.org/entity/Q927511,
http://www.wikidata.org/entity/Q21188705,http://example.org/belongs_to,http://www.wikidata.org/entity/Q834240,
http://www.wikidata.org/entity/Q24034722,http://example.org/belongs_to,http://www.wikidata.org/entity/Q609250,
http://www.wikidata.org/entity/Q24034722,http://example.org/belongs_to,http://www.wikidata.org/entity/Q632771,
http://www.wikidata.org/entity/Q39052195,http://example.org/belongs_to,http://www.wikidata.org/entity/Q969938,
http://www.wikidata.org/entity/Q56244032,http://example.org/belongs_to,http://www.wikidata.org/entity/Q938034,
http://www.wikidata.org/entity/Q302534,http://example.org/belongs_to,http://www.wikidata.org/entity/Q1075698,
http://www.wikidata.org/entity/Q371692,http://example.org/belongs_to,http://www.wikidata.org/entity/Q1172691,
http://www.wikidata.org/entity/Q431862,http://example.org/belongs_to,http://www.wikidata.org/entity/Q1075698,
http://www.wikidata.org/entity/Q737236,http://example.org/belongs_to,http://www.wikidata.org/entity/Q1075698,
http://www.wikidata.org/entity/Q737236,http://example.org/belongs_to,http://www.wikidata.org/entity/Q1172691,
http://www.wikidata.org/entity/Q748726,http://example.org/belongs_to,http://www.wikidata.org/entity/Q1047918,
http://www.wikidata.org/entity/Q767790,http://example.org/belongs_to,http://www.wikidata.org/entity/Q1047918,
http://www.wikidata.org/entity/Q840291,http://example.org/belongs_to,http://www.wikidata.org/entity/Q1047918,
http://www.wikidata.org/entity/Q920406,http://example.org/belongs_to,http://www.wikidata.org/entity/Q1047918,
http://www.wikidata.org/entity/Q968856,http://example.org/belongs_to,http://www.wikidata.org/entity/Q1047918,
http://www.wikidata.org/entity/Q973050,http://example.org/belongs_to,http://www.wikidata.org/entity/Q1074284,
http://www.wikidata.org/entity/Q977088,http://example.org/belongs_to,http://www.wikidata.org/entity/Q1075698,
http://www.wikidata.org/entity/Q996154,http://example.org/belongs_to,http://www.wikidata.org/entity/Q1047918,
http://www.wikidata.org/entity/Q1050089,http://example.org/belongs_to,http://www.wikidata.org/entity/Q1074284,
http://www.wikidata.org/entity/Q1051111,http://example.org/belongs_to,http://www.wikidata.org/entity/Q1172691,
http://www.wikidata.org/entity/Q1194236,http://example.org/belongs_to,http://www.wikidata.org/entity/Q1047918,
http://www.wikidata.org/entity/Q1447287,http://example.org/belongs_to,http://www.wikidata.org/entity/Q1074284,
http://www.wikidata.org/entity/Q1448525,http://example.org/belongs_to,http://www.wikidata.org/entity/Q1047918,
http://www.wikidata.org/entity/Q1448648,http://example.org/belongs_to,http://www.wikidata.org/entity/Q1047918,
http://www.wikidata.org/entity/Q1911253,http://example.org/belongs_to,http://www.wikidata.org/entity/Q1074284,
http://www.wikidata.org/entity/Q2003105,http://example.org/belongs_to,http://www.wikidata.org/entity/Q1047918,
http://www.wikidata.org/entity/Q2071256,http://example.org/belongs_to,http://www.wikidata.org/entity/Q1075698,
http://www.wikidata.org/entity/Q2092660,http://example.org/belongs_to,http://www.wikidata.org/entity/Q1074284,
http://www.wikidata.org/entity/Q2213159,http://example.org/belongs_to,http://www.wikidata.org/entity/Q1047918,
http://www.wikidata.org/entity/Q2258275,http://example.org/belongs_to,http://www.wikidata.org/entity/Q1074284,
http://www.wikidata.org/entity/Q2267017,http://example.org/belongs_to,http://www.wikidata.org/entity/Q1047918,
http://www.wikidata.org/entity/Q2275950,http://example.org/belongs_to,http://www.wikidata.org/entity/Q1047918,
http://www.wikidata.org/entity/Q2278480,http://example.org/belongs_to,http://www.wikidata.org/entity/Q1074284,
http://www.wikidata.org/entity/Q2320361,http://example.org/belongs_to,http://www.wikidata.org/entity/Q1047918,
http://www.wikidata.org/entity/Q2320292,http://example.org/belongs_to,http://www.wikidata.org/entity/Q1172691,
http://www.wikidata.org/entity/Q2339776,http://example.org/belongs_to,http://www.wikidata.org/entity/Q1172691,
http://www.wikidata.org/entity/Q2452573,http://example.org/belongs_to,http://www.wikidata.org/entity/Q1047918,
http://www.wikidata.org/entity/Q2539373,http://example.org/belongs_to,http://www.wikidata.org/entity/Q1047918,
http://www.wikidata.org/entity/Q2560424,http://example.org/belongs_to,http://www.wikidata.org/entity/Q1047918,
http://www.wikidata.org/entity/Q2568022,http://example.org/belongs_to,http://www.wikidata.org/entity/Q1047918,
http://www.wikidata.org/entity/Q2602677,http://example.org/belongs_to,http://www.wikidata.org/entity/Q1047918,
http://www.wikidata.org/entity/Q2604713,http://example.org/belongs_to,http://www.wikidata.org/entity/Q1075698,
http://www.wikidata.org/entity/Q2624390,http://example.org/belongs_to,http://www.wikidata.org/entity/Q1047918,
http://www.wikidata.org/entity/Q2624756,http://example.org/belongs_to,http://www.wikidata.org/entity/Q1047918,
http://www.wikidata.org/entity/Q2624390,http://example.org/belongs_to,http://www.wikidata.org/entity/Q1074284,
http://www.wikidata.org/entity/Q2639150,http://example.org/belongs_to,http://www.wikidata.org/entity/Q1075698,
http://www.wikidata.org/entity/Q2651308,http://example.org/belongs_to,http://www.wikidata.org/entity/Q1047918,
http://www.wikidata.org/entity/Q2660736,http://example.org/belongs_to,http://www.wikidata.org/entity/Q1047918,
http://www.wikidata.org/entity/Q2737568,http://example.org/belongs_to,http://www.wikidata.org/entity/Q1047918,
http://www.wikidata.org/entity/Q2916404,http://example.org/belongs_to,http://www.wikidata.org/entity/Q1047918,
http://www.wikidata.org/entity/Q3047343,http://example.org/belongs_to,http://www.wikidata.org/entity/Q1047918,
http://www.wikidata.org/entity/Q3108790,http://example.org/belongs_to,http://www.wikidata.org/entity/Q1047918,
http://www.wikidata.org/entity/Q3109652,http://example.org/belongs_to,http://www.wikidata.org/entity/Q1074284,
http://www.wikidata.org/entity/Q3453575,http://example.org/belongs_to,http://www.wikidata.org/entity/Q1047918,
http://www.wikidata.org/entity/Q3543614,http://example.org/belongs_to,http://www.wikidata.org/entity/Q1118413,
http://www.wikidata.org/entity/Q3545295,http://example.org/belongs_to,http://www.wikidata.org/entity/Q1118413,
http://www.wikidata.org/entity/Q4003146,http://example.org/belongs_to,http://www.wikidata.org/entity/Q1047918,
http://www.wikidata.org/entity/Q5492394,http://example.org/belongs_to,http://www.wikidata.org/entity/Q1075698,
http://www.wikidata.org/entity/Q7940698,http://example.org/belongs_to,http://www.wikidata.org/entity/Q1118413,
http://www.wikidata.org/entity/Q16253333,http://example.org/belongs_to,http://www.wikidata.org/entity/Q1074284,
http://www.wikidata.org/entity/Q534889,http://example.org/belongs_to,http://www.wikidata.org/entity/Q7089016,
http://www.wikidata.org/entity/Q587036,http://example.org/belongs_to,http://www.wikidata.org/entity/Q6747839,
http://www.wikidata.org/entity/Q572626,http://example.org/belongs_to,http://www.wikidata.org/entity/Q7524442,
http://www.wikidata.org/entity/Q430178,http://example.org/belongs_to,http://www.wikidata.org/entity/Q13519922,
http://www.wikidata.org/entity/Q632212,http://example.org/belongs_to,http://www.wikidata.org/entity/Q8041531,
http://www.wikidata.org/entity/Q510450,http://example.org/belongs_to,http://www.wikidata.org/entity/Q13519922,
http://www.wikidata.org/entity/Q744170,http://example.org/belongs_to,http://www.wikidata.org/entity/Q8041445,
http://www.wikidata.org/entity/Q584585,http://example.org/belongs_to,http://www.wikidata.org/entity/Q13519922,
http://www.wikidata.org/entity/Q836748,http://example.org/belongs_to,http://www.wikidata.org/entity/Q6518146,
http://www.wikidata.org/entity/Q838097,http://example.org/belongs_to,http://www.wikidata.org/entity/Q8041531,
http://www.wikidata.org/entity/Q677627,http://example.org/belongs_to,http://www.wikidata.org/entity/Q13519922,
http://www.wikidata.org/entity/Q734861,http://example.org/belongs_to,http://www.wikidata.org/entity/Q13519922,
http://www.wikidata.org/entity/Q977088,http://example.org/belongs_to,http://www.wikidata.org/entity/Q7122611,
http://www.wikidata.org/entity/Q996154,http://example.org/belongs_to,http://www.wikidata.org/entity/Q8041445,
http://www.wikidata.org/entity/Q1087722,http://example.org/belongs_to,http://www.wikidata.org/entity/Q6518146,
http://www.wikidata.org/entity/Q865017,http://example.org/belongs_to,http://www.wikidata.org/entity/Q13519922,
http://www.wikidata.org/entity/Q1050089,http://example.org/belongs_to,http://www.wikidata.org/entity/Q8041445,
http://www.wikidata.org/entity/Q910204,http://example.org/belongs_to,http://www.wikidata.org/entity/Q13519922,
http://www.wikidata.org/entity/Q1194236,http://example.org/belongs_to,http://www.wikidata.org/entity/Q8041531,
http://www.wikidata.org/entity/Q1605367,http://example.org/belongs_to,http://www.wikidata.org/entity/Q7064033,
http://www.wikidata.org/entity/Q1990090,http://example.org/belongs_to,http://www.wikidata.org/entity/Q7524442,
http://www.wikidata.org/entity/Q2015743,http://example.org/belongs_to,http://www.wikidata.org/entity/Q7524442,
http://www.wikidata.org/entity/Q2204855,http://example.org/belongs_to,http://www.wikidata.org/entity/Q8041445,
http://www.wikidata.org/entity/Q2258275,http://example.org/belongs_to,http://www.wikidata.org/entity/Q8041531,
http://www.wikidata.org/entity/Q2275950,http://example.org/belongs_to,http://www.wikidata.org/entity/Q8041445,
http://www.wikidata.org/entity/Q2296621,http://example.org/belongs_to,http://www.wikidata.org/entity/Q7571701,
http://www.wikidata.org/entity/Q2296652,http://example.org/belongs_to,http://www.wikidata.org/entity/Q8041531,
http://www.wikidata.org/entity/Q2366159,http://example.org/belongs_to,http://www.wikidata.org/entity/Q8041445,
http://www.wikidata.org/entity/Q2405958,http://example.org/belongs_to,http://www.wikidata.org/entity/Q7064033,
http://www.wikidata.org/entity/Q2198161,http://example.org/belongs_to,http://www.wikidata.org/entity/Q13519922,
http://www.wikidata.org/entity/Q2456058,http://example.org/belongs_to,http://www.wikidata.org/entity/Q8041445,
http://www.wikidata.org/entity/Q2539039,http://example.org/belongs_to,http://www.wikidata.org/entity/Q7694288,
http://www.wikidata.org/entity/Q2550226,http://example.org/belongs_to,http://www.wikidata.org/entity/Q8041445,
http://www.wikidata.org/entity/Q2569703,http://example.org/belongs_to,http://www.wikidata.org/entity/Q8041445,
http://www.wikidata.org/entity/Q2584217,http://example.org/belongs_to,http://www.wikidata.org/entity/Q8041425,
http://www.wikidata.org/entity/Q2604715,http://example.org/belongs_to,http://www.wikidata.org/entity/Q7427773,
http://www.wikidata.org/entity/Q2639150,http://example.org/belongs_to,http://www.wikidata.org/entity/Q8041531,
http://www.wikidata.org/entity/Q2660736,http://example.org/belongs_to,http://www.wikidata.org/entity/Q8041531,
http://www.wikidata.org/entity/Q2737565,http://example.org/belongs_to,http://www.wikidata.org/entity/Q5939572,
http://www.wikidata.org/entity/Q2624716,http://example.org/belongs_to,http://www.wikidata.org/entity/Q13519922,
http://www.wikidata.org/entity/Q3020765,http://example.org/belongs_to,http://www.wikidata.org/entity/Q17110226,
http://www.wikidata.org/entity/Q3336797,http://example.org/belongs_to,http://www.wikidata.org/entity/Q13519922,
http://www.wikidata.org/entity/Q3567749,http://example.org/belongs_to,http://www.wikidata.org/entity/Q6747839,
http://www.wikidata.org/entity/Q4755702,http://example.org/belongs_to,http://www.wikidata.org/entity/Q7714708,
http://www.wikidata.org/entity/Q5342183,http://example.org/belongs_to,http://www.wikidata.org/entity/Q8041531,
http://www.wikidata.org/entity/Q8054918,http://example.org/belongs_to,http://www.wikidata.org/entity/Q6653327,
http://www.wikidata.org/entity/Q16619125,http://example.org/belongs_to,http://www.wikidata.org/entity/Q13519922,
http://www.wikidata.org/entity/Q17405299,http://example.org/belongs_to,http://www.wikidata.org/entity/Q7064033,
http://www.wikidata.org/entity/Q20708768,http://example.org/belongs_to,http://www.wikidata.org/entity/Q7460488,
http://www.wikidata.org/entity/Q25351962,http://example.org/belongs_to,http://www.wikidata.org/entity/Q7242746,
http://www.wikidata.org/entity/Q27132943,http://example.org/belongs_to,http://www.wikidata.org/entity/Q7242746,
http://www.wikidata.org/entity/Q42530728,http://example.org/belongs_to,http://www.wikidata.org/entity/Q7387068,
http://www.wikidata.org/entity/Q54833756,http://example.org/belongs_to,http://www.wikidata.org/entity/Q7714708,
http://www.wikidata.org/entity/Q56112075,http://example.org/belongs_to,http://www.wikidata.org/entity/Q7387068,
http://www.wikidata.org/entity/Q56112157,http://example.org/belongs_to,http://www.wikidata.org/entity/Q7387068,
http://www.wikidata.org/entity/Q56112161,http://example.org/belongs_to,http://www.wikidata.org/entity/Q7387068,
http://www.wikidata.org/entity/Q56112166,http://example.org/belongs_to,http://www.wikidata.org/entity/Q7387068,
http://www.wikidata.org/entity/Q56112180,http://example.org/belongs_to,http://www.wikidata.org/entity/Q7387068,
http://www.wikidata.org/entity/Q56112206,http://example.org/belongs_to,http://www.wikidata.org/entity/Q7387068,
