subject,predicate,object,context
http://www.wikidata.org/entity/Q871946,http://www.wikidata.org/prop/direct/P197,http://www.wikidata.org/entity/Q5172974,
http://www.wikidata.org/entity/Q871946,http://www.wikidata.org/prop/direct/P197,http://www.wikidata.org/entity/Q8875751,
http://www.wikidata.org/entity/Q937473,http://www.wikidata.org/prop/direct/P197,http://www.wikidata.org/entity/Q3294847,
http://www.wikidata.org/entity/Q937473,http://www.wikidata.org/prop/direct/P197,http://www.wikidata.org/entity/Q3295262,
http://www.wikidata.org/entity/Q969818,http://www.wikidata.org/prop/direct/P197,http://www.wikidata.org/entity/Q3098742,
http://www.wikidata.org/entity/Q969818,http://www.wikidata.org/prop/direct/P197,http://www.wikidata.org/entity/Q3296635,
http://www.wikidata.org/entity/Q3352550,http://www.wikidata.org/prop/direct/P197,http://www.wikidata.org/entity/Q3352964,
http://www.wikidata.org/entity/Q3352964,http://www.wikidata.org/prop/direct/P197,http://www.wikidata.org/entity/Q3352542,
http://www.wikidata.org/entity/Q3352964,http://www.wikidata.org/prop/direct/P197,http://www.wikidata.org/entity/Q3352550,
http://www.wikidata.org/entity/Q3296660,http://www.wikidata.org/prop/direct/P197,http://www.wikidata.org/entity/Q586432,
http://www.wikidata.org/entity/Q3294847,http://www.wikidata.org/prop/direct/P197,http://www.wikidata.org/entity/Q937473,
http://www.wikidata.org/entity/Q3295262,http://www.wikidata.org/prop/direct/P197,http://www.wikidata.org/entity/Q937473,
http://www.wikidata.org/entity/Q3296635,http://www.wikidata.org/prop/direct/P197,http://www.wikidata.org/entity/Q969818,
http://www.wikidata.org/entity/Q3232735,http://www.wikidata.org/prop/direct/P197,http://www.wikidata.org/entity/Q3352537,
http://www.wikidata.org/entity/Q3296869,http://www.wikidata.org/prop/direct/P197,http://www.wikidata.org/entity/Q2839438,
http://www.wikidata.org/entity/Q3297031,http://www.wikidata.org/prop/direct/P197,http://www.wikidata.org/entity/Q2839438,
http://www.wikidata.org/entity/Q3296610,http://www.wikidata.org/prop/direct/P197,http://www.wikidata.org/entity/Q2995069,
http://www.wikidata.org/entity/Q3296107,http://www.wikidata.org/prop/direct/P197,http://www.wikidata.org/entity/Q3067921,
http://www.wikidata.org/entity/Q3296723,http://www.wikidata.org/prop/direct/P197,http://www.wikidata.org/entity/Q3098742,
http://www.wikidata.org/entity/Q3296606,http://www.wikidata.org/prop/direct/P197,http://www.wikidata.org/entity/Q3150020,
http://www.wikidata.org/entity/Q3296610,http://www.wikidata.org/prop/direct/P197,http://www.wikidata.org/entity/Q3150020,
http://www.wikidata.org/entity/Q3294899,http://www.wikidata.org/prop/direct/P197,http://www.wikidata.org/entity/Q3295272,
http://www.wikidata.org/entity/Q3294899,http://www.wikidata.org/prop/direct/P197,http://www.wikidata.org/entity/Q3296159,
http://www.wikidata.org/entity/Q3295076,http://www.wikidata.org/prop/direct/P197,http://www.wikidata.org/entity/Q3295272,
http://www.wikidata.org/entity/Q3295246,http://www.wikidata.org/prop/direct/P197,http://www.wikidata.org/entity/Q3295262,
http://www.wikidata.org/entity/Q3295262,http://www.wikidata.org/prop/direct/P197,http://www.wikidata.org/entity/Q3295246,
http://www.wikidata.org/entity/Q3295272,http://www.wikidata.org/prop/direct/P197,http://www.wikidata.org/entity/Q3294899,
http://www.wikidata.org/entity/Q3295272,http://www.wikidata.org/prop/direct/P197,http://www.wikidata.org/entity/Q3295076,
http://www.wikidata.org/entity/Q3295996,http://www.wikidata.org/prop/direct/P197,http://www.wikidata.org/entity/Q3296001,
http://www.wikidata.org/entity/Q3296001,http://www.wikidata.org/prop/direct/P197,http://www.wikidata.org/entity/Q3295996,
http://www.wikidata.org/entity/Q3296001,http://www.wikidata.org/prop/direct/P197,http://www.wikidata.org/entity/Q3296188,
http://www.wikidata.org/entity/Q3296159,http://www.wikidata.org/prop/direct/P197,http://www.wikidata.org/entity/Q3294899,
http://www.wikidata.org/entity/Q3296188,http://www.wikidata.org/prop/direct/P197,http://www.wikidata.org/entity/Q3296001,
http://www.wikidata.org/entity/Q3296371,http://www.wikidata.org/prop/direct/P197,http://www.wikidata.org/entity/Q3296606,
http://www.wikidata.org/entity/Q3296546,http://www.wikidata.org/prop/direct/P197,http://www.wikidata.org/entity/Q3296614,
http://www.wikidata.org/entity/Q3296546,http://www.wikidata.org/prop/direct/P197,http://www.wikidata.org/entity/Q3296631,
http://www.wikidata.org/entity/Q3296545,http://www.wikidata.org/prop/direct/P197,http://www.wikidata.org/entity/Q3296551,
http://www.wikidata.org/entity/Q3296551,http://www.wikidata.org/prop/direct/P197,http://www.wikidata.org/entity/Q3296545,
http://www.wikidata.org/entity/Q3296545,http://www.wikidata.org/prop/direct/P197,http://www.wikidata.org/entity/Q3296609,
http://www.wikidata.org/entity/Q3296551,http://www.wikidata.org/prop/direct/P197,http://www.wikidata.org/entity/Q3296607,
http://www.wikidata.org/entity/Q3296554,http://www.wikidata.org/prop/direct/P197,http://www.wikidata.org/entity/Q3296559,
http://www.wikidata.org/entity/Q3296559,http://www.wikidata.org/prop/direct/P197,http://www.wikidata.org/entity/Q3296554,
http://www.wikidata.org/entity/Q3296554,http://www.wikidata.org/prop/direct/P197,http://www.wikidata.org/entity/Q3296708,
http://www.wikidata.org/entity/Q3296565,http://www.wikidata.org/prop/direct/P197,http://www.wikidata.org/entity/Q3296629,
http://www.wikidata.org/entity/Q3296565,http://www.wikidata.org/prop/direct/P197,http://www.wikidata.org/entity/Q3296710,
http://www.wikidata.org/entity/Q3296606,http://www.wikidata.org/prop/direct/P197,http://www.wikidata.org/entity/Q3296371,
http://www.wikidata.org/entity/Q3296607,http://www.wikidata.org/prop/direct/P197,http://www.wikidata.org/entity/Q3296551,
http://www.wikidata.org/entity/Q3296607,http://www.wikidata.org/prop/direct/P197,http://www.wikidata.org/entity/Q3296614,
http://www.wikidata.org/entity/Q3296609,http://www.wikidata.org/prop/direct/P197,http://www.wikidata.org/entity/Q3296545,
http://www.wikidata.org/entity/Q3296614,http://www.wikidata.org/prop/direct/P197,http://www.wikidata.org/entity/Q3296546,
http://www.wikidata.org/entity/Q3296608,http://www.wikidata.org/prop/direct/P197,http://www.wikidata.org/entity/Q3296609,
http://www.wikidata.org/entity/Q3296609,http://www.wikidata.org/prop/direct/P197,http://www.wikidata.org/entity/Q3296608,
http://www.wikidata.org/entity/Q3296614,http://www.wikidata.org/prop/direct/P197,http://www.wikidata.org/entity/Q3296607,
http://www.wikidata.org/entity/Q3296631,http://www.wikidata.org/prop/direct/P197,http://www.wikidata.org/entity/Q3296546,
http://www.wikidata.org/entity/Q3296629,http://www.wikidata.org/prop/direct/P197,http://www.wikidata.org/entity/Q3296565,
http://www.wikidata.org/entity/Q3296631,http://www.wikidata.org/prop/direct/P197,http://www.wikidata.org/entity/Q3296629,
http://www.wikidata.org/entity/Q3294847,http://www.wikidata.org/prop/direct/P197,http://www.wikidata.org/entity/Q3351980,
http://www.wikidata.org/entity/Q3296629,http://www.wikidata.org/prop/direct/P197,http://www.wikidata.org/entity/Q3296631,
http://www.wikidata.org/entity/Q3296635,http://www.wikidata.org/prop/direct/P197,http://www.wikidata.org/entity/Q3296640,
http://www.wikidata.org/entity/Q3296640,http://www.wikidata.org/prop/direct/P197,http://www.wikidata.org/entity/Q3296635,
http://www.wikidata.org/entity/Q3296640,http://www.wikidata.org/prop/direct/P197,http://www.wikidata.org/entity/Q3296818,
http://www.wikidata.org/entity/Q3296660,http://www.wikidata.org/prop/direct/P197,http://www.wikidata.org/entity/Q3296818,
http://www.wikidata.org/entity/Q3296710,http://www.wikidata.org/prop/direct/P197,http://www.wikidata.org/entity/Q3296565,
http://www.wikidata.org/entity/Q3296708,http://www.wikidata.org/prop/direct/P197,http://www.wikidata.org/entity/Q3296554,
http://www.wikidata.org/entity/Q3296710,http://www.wikidata.org/prop/direct/P197,http://www.wikidata.org/entity/Q3296708,
http://www.wikidata.org/entity/Q3296708,http://www.wikidata.org/prop/direct/P197,http://www.wikidata.org/entity/Q3296710,
http://www.wikidata.org/entity/Q3296722,http://www.wikidata.org/prop/direct/P197,http://www.wikidata.org/entity/Q3296723,
http://www.wikidata.org/entity/Q3296723,http://www.wikidata.org/prop/direct/P197,http://www.wikidata.org/entity/Q3296722,
http://www.wikidata.org/entity/Q3296722,http://www.wikidata.org/prop/direct/P197,http://www.wikidata.org/entity/Q3297028,
http://www.wikidata.org/entity/Q3296818,http://www.wikidata.org/prop/direct/P197,http://www.wikidata.org/entity/Q3296640,
http://www.wikidata.org/entity/Q3296818,http://www.wikidata.org/prop/direct/P197,http://www.wikidata.org/entity/Q3296660,
http://www.wikidata.org/entity/Q3296864,http://www.wikidata.org/prop/direct/P197,http://www.wikidata.org/entity/Q3297031,
http://www.wikidata.org/entity/Q3296864,http://www.wikidata.org/prop/direct/P197,http://www.wikidata.org/entity/Q3297028,
http://www.wikidata.org/entity/Q3296869,http://www.wikidata.org/prop/direct/P197,http://www.wikidata.org/entity/Q3297032,
http://www.wikidata.org/entity/Q3297028,http://www.wikidata.org/prop/direct/P197,http://www.wikidata.org/entity/Q3296722,
http://www.wikidata.org/entity/Q3297031,http://www.wikidata.org/prop/direct/P197,http://www.wikidata.org/entity/Q3296864,
http://www.wikidata.org/entity/Q3297028,http://www.wikidata.org/prop/direct/P197,http://www.wikidata.org/entity/Q3296864,
http://www.wikidata.org/entity/Q3297032,http://www.wikidata.org/prop/direct/P197,http://www.wikidata.org/entity/Q3296869,
http://www.wikidata.org/entity/Q3352006,http://www.wikidata.org/prop/direct/P197,http://www.wikidata.org/entity/Q2843844,
http://www.wikidata.org/entity/Q3296608,http://www.wikidata.org/prop/direct/P197,http://www.wikidata.org/entity/Q4646451,
http://www.wikidata.org/entity/Q3296612,http://www.wikidata.org/prop/direct/P197,http://www.wikidata.org/entity/Q4646451,
http://www.wikidata.org/entity/Q3352291,http://www.wikidata.org/prop/direct/P197,http://www.wikidata.org/entity/Q3174567,
http://www.wikidata.org/entity/Q3352537,http://www.wikidata.org/prop/direct/P197,http://www.wikidata.org/entity/Q3232735,
http://www.wikidata.org/entity/Q3295552,http://www.wikidata.org/prop/direct/P197,http://www.wikidata.org/entity/Q5021782,
http://www.wikidata.org/entity/Q3296159,http://www.wikidata.org/prop/direct/P197,http://www.wikidata.org/entity/Q5021782,
http://www.wikidata.org/entity/Q3351980,http://www.wikidata.org/prop/direct/P197,http://www.wikidata.org/entity/Q3294847,
http://www.wikidata.org/entity/Q3351980,http://www.wikidata.org/prop/direct/P197,http://www.wikidata.org/entity/Q3351989,
http://www.wikidata.org/entity/Q3351989,http://www.wikidata.org/prop/direct/P197,http://www.wikidata.org/entity/Q3351980,
http://www.wikidata.org/entity/Q3351989,http://www.wikidata.org/prop/direct/P197,http://www.wikidata.org/entity/Q3352487,
http://www.wikidata.org/entity/Q3352006,http://www.wikidata.org/prop/direct/P197,http://www.wikidata.org/entity/Q3352487,
http://www.wikidata.org/entity/Q3352074,http://www.wikidata.org/prop/direct/P197,http://www.wikidata.org/entity/Q3352082,
http://www.wikidata.org/entity/Q3352082,http://www.wikidata.org/prop/direct/P197,http://www.wikidata.org/entity/Q3352074,
http://www.wikidata.org/entity/Q3352082,http://www.wikidata.org/prop/direct/P197,http://www.wikidata.org/entity/Q3352291,
http://www.wikidata.org/entity/Q3352074,http://www.wikidata.org/prop/direct/P197,http://www.wikidata.org/entity/Q3352550,
http://www.wikidata.org/entity/Q3352291,http://www.wikidata.org/prop/direct/P197,http://www.wikidata.org/entity/Q3352082,
http://www.wikidata.org/entity/Q3352487,http://www.wikidata.org/prop/direct/P197,http://www.wikidata.org/entity/Q3351989,
http://www.wikidata.org/entity/Q3352487,http://www.wikidata.org/prop/direct/P197,http://www.wikidata.org/entity/Q3352006,
http://www.wikidata.org/entity/Q3352550,http://www.wikidata.org/prop/direct/P197,http://www.wikidata.org/entity/Q3352074,
http://www.wikidata.org/entity/Q3352537,http://www.wikidata.org/prop/direct/P197,http://www.wikidata.org/entity/Q3352542,
http://www.wikidata.org/entity/Q3352542,http://www.wikidata.org/prop/direct/P197,http://www.wikidata.org/entity/Q3352537,
http://www.wikidata.org/entity/Q3352542,http://www.wikidata.org/prop/direct/P197,http://www.wikidata.org/entity/Q3352964,
http://www.wikidata.org/entity/Q3295996,http://www.wikidata.org/prop/direct/P197,http://www.wikidata.org/entity/Q5244756,
http://www.wikidata.org/entity/Q3296107,http://www.wikidata.org/prop/direct/P197,http://www.wikidata.org/entity/Q5244756,
http://www.wikidata.org/entity/Q3296358,http://www.wikidata.org/prop/direct/P197,http://www.wikidata.org/entity/Q5244845,
http://www.wikidata.org/entity/Q3296358,http://www.wikidata.org/prop/direct/P197,http://www.wikidata.org/entity/Q5244852,
http://www.wikidata.org/entity/Q3296371,http://www.wikidata.org/prop/direct/P197,http://www.wikidata.org/entity/Q5244669,
http://www.wikidata.org/entity/Q3295552,http://www.wikidata.org/prop/direct/P197,http://www.wikidata.org/entity/Q7258854,
http://www.wikidata.org/entity/Q3296188,http://www.wikidata.org/prop/direct/P197,http://www.wikidata.org/entity/Q7258854,
http://www.wikidata.org/entity/Q3296762,http://www.wikidata.org/prop/direct/P197,http://www.wikidata.org/entity/Q8882794,
http://www.wikidata.org/entity/Q586432,http://www.wikidata.org/prop/direct/P197,http://www.wikidata.org/entity/Q3296660,
http://www.wikidata.org/entity/Q2839438,http://www.wikidata.org/prop/direct/P197,http://www.wikidata.org/entity/Q3296869,
http://www.wikidata.org/entity/Q2839438,http://www.wikidata.org/prop/direct/P197,http://www.wikidata.org/entity/Q3297031,
http://www.wikidata.org/entity/Q2843844,http://www.wikidata.org/prop/direct/P197,http://www.wikidata.org/entity/Q3174567,
http://www.wikidata.org/entity/Q2843844,http://www.wikidata.org/prop/direct/P197,http://www.wikidata.org/entity/Q3352006,
http://www.wikidata.org/entity/Q2995069,http://www.wikidata.org/prop/direct/P197,http://www.wikidata.org/entity/Q3296610,
http://www.wikidata.org/entity/Q3098742,http://www.wikidata.org/prop/direct/P197,http://www.wikidata.org/entity/Q969818,
http://www.wikidata.org/entity/Q3067921,http://www.wikidata.org/prop/direct/P197,http://www.wikidata.org/entity/Q3296107,
http://www.wikidata.org/entity/Q3098742,http://www.wikidata.org/prop/direct/P197,http://www.wikidata.org/entity/Q3296723,
http://www.wikidata.org/entity/Q3067921,http://www.wikidata.org/prop/direct/P197,http://www.wikidata.org/entity/Q5244836,
http://www.wikidata.org/entity/Q3150020,http://www.wikidata.org/prop/direct/P197,http://www.wikidata.org/entity/Q3296606,
http://www.wikidata.org/entity/Q3150020,http://www.wikidata.org/prop/direct/P197,http://www.wikidata.org/entity/Q3296610,
http://www.wikidata.org/entity/Q3174567,http://www.wikidata.org/prop/direct/P197,http://www.wikidata.org/entity/Q2843844,
http://www.wikidata.org/entity/Q3098774,http://www.wikidata.org/prop/direct/P197,http://www.wikidata.org/entity/Q5244687,
http://www.wikidata.org/entity/Q3098774,http://www.wikidata.org/prop/direct/P197,http://www.wikidata.org/entity/Q5244836,
http://www.wikidata.org/entity/Q3174567,http://www.wikidata.org/prop/direct/P197,http://www.wikidata.org/entity/Q3352291,
http://www.wikidata.org/entity/Q4646451,http://www.wikidata.org/prop/direct/P197,http://www.wikidata.org/entity/Q3296608,
http://www.wikidata.org/entity/Q4646451,http://www.wikidata.org/prop/direct/P197,http://www.wikidata.org/entity/Q3296612,
http://www.wikidata.org/entity/Q5021782,http://www.wikidata.org/prop/direct/P197,http://www.wikidata.org/entity/Q3295552,
http://www.wikidata.org/entity/Q5021782,http://www.wikidata.org/prop/direct/P197,http://www.wikidata.org/entity/Q3296159,
http://www.wikidata.org/entity/Q5172974,http://www.wikidata.org/prop/direct/P197,http://www.wikidata.org/entity/Q871946,
http://www.wikidata.org/entity/Q5048425,http://www.wikidata.org/prop/direct/P197,http://www.wikidata.org/entity/Q5549804,
http://www.wikidata.org/entity/Q5048425,http://www.wikidata.org/prop/direct/P197,http://www.wikidata.org/entity/Q8875911,
http://www.wikidata.org/entity/Q5172974,http://www.wikidata.org/prop/direct/P197,http://www.wikidata.org/entity/Q5796926,
http://www.wikidata.org/entity/Q5244836,http://www.wikidata.org/prop/direct/P197,http://www.wikidata.org/entity/Q3067921,
http://www.wikidata.org/entity/Q5244687,http://www.wikidata.org/prop/direct/P197,http://www.wikidata.org/entity/Q3098774,
http://www.wikidata.org/entity/Q5244836,http://www.wikidata.org/prop/direct/P197,http://www.wikidata.org/entity/Q3098774,
http://www.wikidata.org/entity/Q5244669,http://www.wikidata.org/prop/direct/P197,http://www.wikidata.org/entity/Q3296371,
http://www.wikidata.org/entity/Q5244756,http://www.wikidata.org/prop/direct/P197,http://www.wikidata.org/entity/Q3295996,
http://www.wikidata.org/entity/Q5244756,http://www.wikidata.org/prop/direct/P197,http://www.wikidata.org/entity/Q3296107,
http://www.wikidata.org/entity/Q5244845,http://www.wikidata.org/prop/direct/P197,http://www.wikidata.org/entity/Q3296358,
http://www.wikidata.org/entity/Q5244852,http://www.wikidata.org/prop/direct/P197,http://www.wikidata.org/entity/Q3296358,
http://www.wikidata.org/entity/Q5244669,http://www.wikidata.org/prop/direct/P197,http://www.wikidata.org/entity/Q5244845,
http://www.wikidata.org/entity/Q5244845,http://www.wikidata.org/prop/direct/P197,http://www.wikidata.org/entity/Q5244669,
http://www.wikidata.org/entity/Q5244687,http://www.wikidata.org/prop/direct/P197,http://www.wikidata.org/entity/Q5841304,
http://www.wikidata.org/entity/Q5488820,http://www.wikidata.org/prop/direct/P197,http://www.wikidata.org/entity/Q6046685,
http://www.wikidata.org/entity/Q5488820,http://www.wikidata.org/prop/direct/P197,http://www.wikidata.org/entity/Q6136977,
http://www.wikidata.org/entity/Q5549804,http://www.wikidata.org/prop/direct/P197,http://www.wikidata.org/entity/Q5048425,
http://www.wikidata.org/entity/Q5488820,http://www.wikidata.org/prop/direct/P197,http://www.wikidata.org/entity/Q8875911,
http://www.wikidata.org/entity/Q5549804,http://www.wikidata.org/prop/direct/P197,http://www.wikidata.org/entity/Q8876899,
http://www.wikidata.org/entity/Q5796926,http://www.wikidata.org/prop/direct/P197,http://www.wikidata.org/entity/Q5172974,
http://www.wikidata.org/entity/Q5841304,http://www.wikidata.org/prop/direct/P197,http://www.wikidata.org/entity/Q5244687,
http://www.wikidata.org/entity/Q5843740,http://www.wikidata.org/prop/direct/P197,http://www.wikidata.org/entity/Q6079537,
http://www.wikidata.org/entity/Q5796926,http://www.wikidata.org/prop/direct/P197,http://www.wikidata.org/entity/Q8880874,
http://www.wikidata.org/entity/Q5843740,http://www.wikidata.org/prop/direct/P197,http://www.wikidata.org/entity/Q8880874,
http://www.wikidata.org/entity/Q6046685,http://www.wikidata.org/prop/direct/P197,http://www.wikidata.org/entity/Q5488820,
http://www.wikidata.org/entity/Q6079537,http://www.wikidata.org/prop/direct/P197,http://www.wikidata.org/entity/Q5843740,
http://www.wikidata.org/entity/Q6136977,http://www.wikidata.org/prop/direct/P197,http://www.wikidata.org/entity/Q5488820,
http://www.wikidata.org/entity/Q6079537,http://www.wikidata.org/prop/direct/P197,http://www.wikidata.org/entity/Q8877862,
http://www.wikidata.org/entity/Q7258854,http://www.wikidata.org/prop/direct/P197,http://www.wikidata.org/entity/Q3295552,
http://www.wikidata.org/entity/Q7258854,http://www.wikidata.org/prop/direct/P197,http://www.wikidata.org/entity/Q3296188,
http://www.wikidata.org/entity/Q8875751,http://www.wikidata.org/prop/direct/P197,http://www.wikidata.org/entity/Q871946,
http://www.wikidata.org/entity/Q8882794,http://www.wikidata.org/prop/direct/P197,http://www.wikidata.org/entity/Q3296762,
http://www.wikidata.org/entity/Q8875911,http://www.wikidata.org/prop/direct/P197,http://www.wikidata.org/entity/Q5048425,
http://www.wikidata.org/entity/Q8875911,http://www.wikidata.org/prop/direct/P197,http://www.wikidata.org/entity/Q5488820,
http://www.wikidata.org/entity/Q8876899,http://www.wikidata.org/prop/direct/P197,http://www.wikidata.org/entity/Q5549804,
http://www.wikidata.org/entity/Q8880874,http://www.wikidata.org/prop/direct/P197,http://www.wikidata.org/entity/Q5796926,
http://www.wikidata.org/entity/Q8880874,http://www.wikidata.org/prop/direct/P197,http://www.wikidata.org/entity/Q5843740,
http://www.wikidata.org/entity/Q8877862,http://www.wikidata.org/prop/direct/P197,http://www.wikidata.org/entity/Q6079537,
http://www.wikidata.org/entity/Q8875751,http://www.wikidata.org/prop/direct/P197,http://www.wikidata.org/entity/Q8876899,
http://www.wikidata.org/entity/Q8876899,http://www.wikidata.org/prop/direct/P197,http://www.wikidata.org/entity/Q8875751,
http://www.wikidata.org/entity/Q8877862,http://www.wikidata.org/prop/direct/P197,http://www.wikidata.org/entity/Q8878157,
http://www.wikidata.org/entity/Q8878157,http://www.wikidata.org/prop/direct/P197,http://www.wikidata.org/entity/Q8877862,
